scope	label	col	row	cell_px	atlas	violation
items-jump	item 1087 (imageTypeForItemType@0x004d71dc)	7	18	64	2048x1024	+height
items-jump	item 1088 (imageTypeForItemType@0x004d71dc)	8	18	64	2048x1024	+height
items-jump	item 1089 (imageTypeForItemType@0x004d71dc)	0	21	64	2048x1024	+height
items-jump	item 1098 (imageTypeForItemType@0x004d71dc)	25	21	64	2048x1024	+height
items-jump	item 1099 (imageTypeForItemType@0x004d71dc)	26	21	64	2048x1024	+height
items-jump	item 1100 (imageTypeForItemType@0x004d71dc)	27	21	64	2048x1024	+height
items-jump	item 1101 (imageTypeForItemType@0x004d71dc)	28	21	64	2048x1024	+height
items-jump	item 1102 (imageTypeForItemType@0x004d71dc)	29	21	64	2048x1024	+height
items-jump	item 1103 (imageTypeForItemType@0x004d71dc)	5	23	64	2048x1024	+height
items-jump	item 1104 (imageTypeForItemType@0x004d71dc)	6	23	64	2048x1024	+height
items-jump	item 1105 (imageTypeForItemType@0x004d71dc)	10	23	64	2048x1024	+height
fonts	04b03_16.fnt				256x128	outside=0
fonts	04b03black_16.fnt				256x128	outside=0
fonts	04b03embossed_16.fnt				256x128	outside=0
fonts	Blockheads_64.fnt				512x512	outside=0
fonts	Blockheadsblack_64.fnt				512x512	outside=0
