name	status	replacement_referenced	method	site
axe.wav	no_cfstring	False		
babyUnicorn.wav	mapped	False	Donkey -[loadDerivedStuff]	0x6bc3a0
badPath.wav	unnamed_by_original	False		
bird1.wav	format_string_named	False		
bird10.wav	format_string_named	False		
bird11.wav	format_string_named	False		
bird12.wav	format_string_named	False		
bird13.wav	format_string_named	False		
bird14.wav	format_string_named	False		
bird2.wav	format_string_named	False		
bird3.wav	format_string_named	False		
bird4.wav	format_string_named	False		
bird5.wav	format_string_named	False		
bird6.wav	format_string_named	False		
bird7.wav	format_string_named	False		
bird8.wav	format_string_named	False		
bird9.wav	format_string_named	False		
blockheadDie.wav	mapped	False	Blockhead -[dieForGood]	0xc82e60
bow.wav	mapped	False	Blockhead -[update:accurateDT:isSimulation:]	0xbdc874
buzz1.wav	mapped	False	Workbench -[draw:projectionMatrix:modelViewMatrix:cameraMinXWorld:cameraMaxXWorld:cameraMinYWorld:cameraMaxYWorld:]	0xaf2a24
camera.wav	mapped	False	World -[doCameraScreenshot]	0x5c37ec
chatMessage.wav	mapped	False	ChatView -[addChatMessage:displayNotification:]	0xc94f30
chimeUpgrade.wav	mapped	False	NPC -[successfulTame]	0x64b364
click.wav	mapped	True	PaintMixUI -[countSlider:]	0x674068
click.wav	mapped	True	ChestUI -[render:translation:pinchScale:]	0x6e3640
click.wav	mapped	True	ChestUI -[startInventoryDragAtPos:]	0x6e5d44
click.wav	mapped	True	ChestUI -[button:]	0x6ea244
click.wav	mapped	True	TableViewUI -[slider:]	0x6f34c0
click.wav	mapped	True	BlockAlertView -[buttonClicked:]	0x70be78
click.wav	mapped	True	TradingPostBuyUI -[countSlider:]	0x7153b4
click.wav	mapped	True	TradingPostSellUI -[render:translation:pinchScale:]	0x73b0e0
click.wav	mapped	True	TradingPostSellUI -[startInventoryDragAtPos:]	0x73d4f8
click.wav	mapped	True	TradingPostSellUI -[sellButton:]	0x740cfc
click.wav	mapped	True	TradingPostSellUI -[priceSlider:]	0x7415d4
click.wav	mapped	True	MJControl -[endTouch:]	0x9f72a0
click.wav	mapped	True	UIManager -[hideAnyHideableUIDueToPanAtPoint:]	0xad6b70
click.wav	mapped	True	UIManager -[tap:]	0xad72c8
click.wav	mapped	True	TableSelectionAlertView -[buttonClicked:]	0xb45c7c
click.wav	mapped	True	CraftUI -[countSlider:]	0xb83294
click.wav	mapped	True	WorldUI -[render:translation:pinchScale:paused:]	0xce4ce8
click.wav	mapped	True	WorldUI -[render:translation:pinchScale:paused:]	0xce53f0
click.wav	mapped	True	WorldUI -[startInventoryDragAtPos:]	0xcf2e18
clickDown.wav	mapped	False	BlockAlertView -[buttonDown:]	0x70bcf4
clickDown.wav	mapped	False	MJControl -[startTouch:]	0x9f6c38
clickDown.wav	mapped	False	TableSelectionAlertView -[buttonDown:]	0xb45b2c
cluck.wav	mapped	False	World -[incrementalLoad]	0x562258
cluck.wav	mapped	False	Dodo -[reactToBeingHit]	0xa7f744
craftCreate.wav	mapped	True	World -[incrementalLoad]	0x56226c
craftCreate.wav	mapped	True	DynamicWorld -[updateNetObjects]	0x8c6d30
craftCreate.wav	mapped	True	DynamicWorld -[createFreeBlockAtPosition:ofType:dataA:dataB:subItems:dynamicObjectSaveDict:hovers:playSound:priorityBlockhead:]	0x8de610
craftTool.wav	mapped	False	Blockhead -[update:accurateDT:isSimulation:]	0xbd992c
craftWood.wav	mapped	False	Blockhead -[update:accurateDT:isSimulation:]	0xbd9930
craftWorkbench.wav	mapped	False	Blockhead -[update:accurateDT:isSimulation:]	0xbd9928
crickets1.wav	mapped	True	Weather -[loadCricketSounds]	0x7e5b04
crickets2.wav	mapped	True	Weather -[loadCricketSounds]	0x7e5ae4
crunch.wav	mapped	True	World -[incrementalLoad]	0x562204
crunch.wav	mapped	True	ClownFish -[reactToBeingFed]	0x79c144
crunch.wav	mapped	True	DropBear -[reactToBeingFed]	0x7b20e0
crunch.wav	mapped	True	Shark -[reactToBeingFed]	0x7dd30c
crunch.wav	mapped	True	Scorpion -[reactToBeingFed]	0x8abb18
crunch.wav	mapped	True	Dodo -[reactToBeingFed]	0xa7fd38
crunch.wav	mapped	True	DonkeyLike -[reactToBeingFed]	0xac4f58
crunch.wav	mapped	True	Blockhead -[useCurrentItemIfPossible]	0xc7abd4
crunch.wav	mapped	True	CaveTroll -[reactToBeingFed]	0xd84c58
die.wav	mapped	False	Blockhead -[die]	0xbb6338
dig.wav	mapped	True	Blockhead -[update:accurateDT:isSimulation:]	0xbd1a9c
divertissement.mp4	mapped	False	World -[preRenderUpdate:fastSlowDT:cameraZ:projectionMatrix:]	0x589bd8
dodo2.wav	mapped	False	World -[incrementalLoad]	0x562254
dodo2.wav	mapped	False	Dodo -[reactToBeingFed]	0xa7fd20
dodoCluck1.wav	mapped	True	World -[incrementalLoad]	0x5621fc
dodoCluck1.wav	mapped	True	Dodo -[jumpAndCluck]	0xa776c4
dodoCluck2.wav	mapped	False	World -[incrementalLoad]	0x5621f8
dodoCluck2.wav	mapped	False	Dodo -[jumpAndCluck]	0xa776c0
dodoCluck3.wav	mapped	False	World -[incrementalLoad]	0x5621f4
dodoCluck3.wav	mapped	False	Dodo -[jumpAndCluck]	0xa776bc
dodoCluck4.wav	mapped	False	World -[incrementalLoad]	0x5621f0
dodoCluck4.wav	mapped	False	Dodo -[jumpAndCluck]	0xa776c8
dodoDie.wav	mapped	True	Dodo -[die:]	0xa77244
dodoTame.wav	mapped	False	World -[incrementalLoad]	0x562250
dodoTame.wav	mapped	False	Dodo -[successfulTame]	0xa7ff60
donkeyEee.wav	mapped	False	World -[incrementalLoad]	0x56222c
donkeyEee.wav	mapped	False	Donkey -[loadDerivedStuff]	0x6bc394
donkeyEeeLittle.wav	mapped	False	World -[incrementalLoad]	0x562228
donkeyEeeLittle.wav	mapped	False	Donkey -[loadDerivedStuff]	0x6bc39c
donkeySnort.wav	mapped	False	World -[incrementalLoad]	0x562224
donkeySnort.wav	mapped	False	Donkey -[loadDerivedStuff]	0x6bc380
doorClose.wav	mapped	False	Door -[setOpen:direction:]	0x76d7a8
doorOpen.wav	mapped	False	Door -[setOpen:direction:]	0x76d7cc
drink.wav	mapped	False	Blockhead -[useCurrentItemIfPossible]	0xc7abe4
drop.wav	mapped	False	World -[incrementalLoad]	0x562264
drop.wav	mapped	False	DynamicWorld -[updateNetObjects]	0x8c72e0
drop.wav	mapped	False	DynamicWorld -[createFreeBlockAtPosition:ofType:dataA:dataB:subItems:dynamicObjectSaveDict:hovers:playSound:priorityBlockhead:]	0x8de5fc
dropbear.wav	mapped	False	World -[incrementalLoad]	0x562230
dropbear.wav	mapped	False	DropBear -[update:accurateDT:isSimulation:]	0x7ae6dc
dropbear.wav	mapped	False	DropBear -[update:accurateDT:isSimulation:]	0x7b1400
dropbear.wav	mapped	False	DropBear -[reactToBeingHit]	0x7b1dd4
dropbear.wav	mapped	False	DropBear -[successfulTame]	0x7b21f4
dropbeardrop.wav	mapped	False	DropBear -[doRemoteUpdate:]	0x79ee10
dropbeardrop.wav	mapped	False	DropBear -[update:accurateDT:isSimulation:]	0x7b09e0
dropbeardrop.wav	mapped	False	DropBear -[update:accurateDT:isSimulation:]	0x7b1848
eggExtractor.wav	mapped	False	Workbench -[draw:projectionMatrix:modelViewMatrix:cameraMinXWorld:cameraMaxXWorld:cameraMinYWorld:cameraMaxYWorld:]	0xaf2a20
eggLay.wav	mapped	False	Dodo -[update:accurateDT:isSimulation:]	0xa7c948
eggLay.wav	mapped	False	DonkeyLike -[update:accurateDT:isSimulation:]	0xab8940
electricFurnace.wav	mapped	False	Workbench -[draw:projectionMatrix:modelViewMatrix:cameraMinXWorld:cameraMaxXWorld:cameraMinYWorld:cameraMaxYWorld:]	0xaf2348
electricMetalwork.wav	mapped	False	Workbench -[draw:projectionMatrix:modelViewMatrix:cameraMinXWorld:cameraMaxXWorld:cameraMinYWorld:cameraMaxYWorld:]	0xaf235c
elevatorBell.wav	mapped	False	Blockhead -[update:accurateDT:isSimulation:]	0xbc989c
elevatorBell.wav	mapped	False	Blockhead -[setPath:type:goalInteraction:extraData:]	0xc5d734
elevatorDoor.wav	mapped	False	DynamicWorld -[openElevatorAtPos:]	0x8ebec0
fanfare.wav	mapped	False	DynamicWorld -[teleportBlockhead:toWorkbench:]	0x8f5b44
fanfare.wav	mapped	False	DynamicWorld -[loadNewBlockheadAtPos:craftableItemObject:uniqueID:]	0x8f6490
fanfare.wav	mapped	False	Blockhead -[update:accurateDT:isSimulation:]	0xbbbac0
fanfare.wav	mapped	False	Blockhead -[craftProgressUICompleteButtonTapped]	0xc89bd4
fire.wav	mapped	False	World -[placeWorkbenchOfType:atPos:saveDict:placedByClient:placedByBlockhead:placedByClientName:]	0x5799d4
fireLoop.wav	mapped	False	Workbench -[draw:projectionMatrix:modelViewMatrix:cameraMinXWorld:cameraMaxXWorld:cameraMinYWorld:cameraMaxYWorld:]	0xaf2f6c
fireLoopLow.wav	mapped	False	Workbench -[draw:projectionMatrix:modelViewMatrix:cameraMinXWorld:cameraMaxXWorld:cameraMinYWorld:cameraMaxYWorld:]	0xaf2f70
fireShort.wav	mapped	False	Workbench -[addToFuel:]	0xafe2f8
fireShort.wav	mapped	False	Blockhead -[addToJetFuel]	0xc837a8
fireShort.wav	mapped	False	SteamTrain -[addToFuelForItem:]	0xd30488
fishCast.wav	mapped	False	FishingRod -[directionalSwipe:]	0x83e860
fishDie.wav	mapped	False	ClownFish -[die:]	0x7972d4
fishDie.wav	mapped	False	Shark -[die:]	0x7d62c0
fishReelIn.wav	mapped	False	FishingRod -[setHookedFish:]	0x842f78
fishRun.wav	mapped	False	ClownFish -[reactToBeingHit]	0x79b95c
fishRun.wav	mapped	False	ClownFish -[reactToBeingFed]	0x79c138
fishRun.wav	mapped	False	Shark -[reactToBeingHit]	0x7dca20
fishRun.wav	mapped	False	Shark -[reactToBeingFed]	0x7dd318
freeblockLavaHiss.wav	mapped	False	World -[incrementalLoad]	0x5621e0
freeblockLavaHiss.wav	mapped	False	FreeBlock -[hitLava]	0x62bfdc
furnace.wav	mapped	False	Workbench -[draw:projectionMatrix:modelViewMatrix:cameraMinXWorld:cameraMaxXWorld:cameraMinYWorld:cameraMaxYWorld:]	0xaf2a3c
gateClose.wav	mapped	False	Door -[setOpen:direction:]	0x76d7b8
gateOpen.wav	mapped	False	Door -[setOpen:direction:]	0x76d7d4
glassSmash.wav	mapped	False	Blockhead -[update:accurateDT:isSimulation:]	0xbd1a94
gym.mp4	mapped	False	World -[preRenderUpdate:fastSlowDT:cameraZ:projectionMatrix:]	0x589bc0
hatch.wav	mapped	False	World -[incrementalLoad]	0x5621ec
hatch.wav	mapped	False	Egg -[hatch:]	0xd4f0a4
ice.wav	no_cfstring	False		
ironDoorClose.wav	mapped	False	Door -[setOpen:direction:]	0x76d7c0
ironDoorOpen.wav	mapped	False	Door -[setOpen:direction:]	0x76d7dc
jaws.wav	mapped	False	Shark -[remoteCreationDataUpdate:]	0x7c9d2c
jaws.wav	mapped	False	Shark -[update:accurateDT:isSimulation:]	0x7da9cc
jet.wav	mapped	False	Blockhead -[update:accurateDT:isSimulation:]	0xbde218
largo.mp4	mapped	False	World -[preRenderUpdate:fastSlowDT:cameraZ:projectionMatrix:]	0x589904
largo.mp4	mapped	False	GameView -[mainMenuSoundFinshedFadingOut]	0x93a6f4
leaves.wav	mapped	False	Blockhead -[update:accurateDT:isSimulation:]	0xbd1490
littlePop.wav	mapped	False	World -[incrementalLoad]	0x562260
littlePop.wav	mapped	False	FreeBlock -[update:accurateDT:isSimulation:]	0x62f7b8
littlePop.wav	mapped	False	ChestUI -[moveTouch:]	0x6e71b8
littlePop.wav	mapped	False	ChestUI -[updatePotentialDrag:fromDragSlot:dragItems:]	0x6e9668
littlePop.wav	mapped	False	TradingPostSellUI -[moveTouch:]	0x73e69c
littlePop.wav	mapped	False	TradingPostSellUI -[updatePotentialDrag:fromDragSlot:dragItems:]	0x740718
littlePop.wav	mapped	False	Blockhead -[pickUpItemIfPossibleInTile:atPos:]	0xbea6d8
littlePop.wav	mapped	False	Blockhead -[pickUpItemIfPossibleInTile:atPos:]	0xbec7c0
littlePop.wav	mapped	False	WorldUI -[moveTouch:paused:index:]	0xcf83dc
littlePop.wav	mapped	False	WorldUI -[updatePotentialDrag:fromDragSlot:dragItems:]	0xcf9220
logs.wav	unnamed_by_original	False		
lowbuzz.wav	unnamed_by_original	False		
magnet.wav	mapped	False	Blockhead -[update:accurateDT:isSimulation:]	0xbd0c10
manDie.wav	mapped	False	World -[incrementalLoad]	0x562248
manOuch.wav	mapped	True	World -[incrementalLoad]	0x562244
manOuch.wav	mapped	True	Blockhead -[sufferDamage:isSimulation:recoil:]	0xbed994
menuPop.wav	mapped	False	UIManager -[playUIPopSound]	0xad43d8
morning.mp4	mapped	True	World -[preRenderUpdate:fastSlowDT:cameraZ:projectionMatrix:]	0x589aa8
mountainKingLoop.mp4	mapped	False	GameView -[initOpenGL]	0x921e48
mountainKingLoop.mp4	mapped	False	GameView -[actuallyDoExitWorldRightNowReallyNow]	0x932618
mountainKingLoop.mp4	mapped	False	GameView -[gameSoundFinshedFadingOut]	0x93a8d0
nightFall.mp4	mapped	True	World -[preRenderUpdate:fastSlowDT:cameraZ:projectionMatrix:]	0x589be4
noPath.wav	mapped	False	World -[tap:]	0x5adb34
noPath.wav	mapped	False	World -[tap:]	0x5b11bc
noPath.wav	mapped	False	World -[tap:]	0x5b230c
noPath.wav	mapped	False	Blockhead -[update:accurateDT:isSimulation:]	0xbd793c
noPath.wav	mapped	False	Blockhead -[setPath:type:goalInteraction:extraData:]	0xc5d6b0
noPath.wav	mapped	False	Blockhead -[infoForPathRecalculation]	0xc76ff4
noPath.wav	mapped	False	Blockhead -[infoForPathRecalculation]	0xc79198
paint.wav	mapped	False	Blockhead -[update:accurateDT:isSimulation:]	0xbd9938
pathGood.wav	unnamed_by_original	False		
pathOK.wav	unnamed_by_original	False		
pickaxe.wav	mapped	True	Blockhead -[update:accurateDT:isSimulation:]	0xbd1408
pickupGem.wav	mapped	False	FreeBlock -[update:accurateDT:isSimulation:]	0x62f7c4
pickupGem.wav	mapped	False	Blockhead -[update:accurateDT:isSimulation:]	0xbd0c14
pickupGem.wav	mapped	False	Blockhead -[pickUpItemIfPossibleInTile:atPos:]	0xbea594
pickupGem.wav	mapped	False	Blockhead -[pickUpItemIfPossibleInTile:atPos:]	0xbec7d0
place.wav	mapped	True	Blockhead -[update:accurateDT:isSimulation:]	0xbd526c
place.wav	mapped	True	Blockhead -[update:accurateDT:isSimulation:]	0xbd6b3c
place.wav	mapped	True	Blockhead -[update:accurateDT:isSimulation:]	0xbdaf40
pop.wav	mapped	True	World -[incrementalLoad]	0x562270
pop.wav	mapped	True	World -[tap:]	0x5adb60
pop.wav	mapped	True	DynamicWorld -[updateNetObjects]	0x8c6d28
pop.wav	mapped	True	DynamicWorld -[createFreeBlockAtPosition:ofType:dataA:dataB:subItems:dynamicObjectSaveDict:hovers:playSound:priorityBlockhead:]	0x8de618
portal.wav	mapped	False	Workbench -[draw:projectionMatrix:modelViewMatrix:cameraMinXWorld:cameraMaxXWorld:cameraMinYWorld:cameraMaxYWorld:]	0xaf31b4
press.wav	mapped	False	Workbench -[draw:projectionMatrix:modelViewMatrix:cameraMinXWorld:cameraMaxXWorld:cameraMinYWorld:cameraMaxYWorld:]	0xaf290c
punch.wav	mapped	False	Blockhead -[update:accurateDT:isSimulation:]	0xbdb7cc
punch.wav	mapped	False	CaveTroll -[update:accurateDT:isSimulation:]	0xd5e83c
punchSmall.wav	mapped	False	Blockhead -[update:accurateDT:isSimulation:]	0xbd148c
punchSmall.wav	mapped	False	Blockhead -[update:accurateDT:isSimulation:]	0xbd6094
rail.wav	mapped	False	HandCar -[loadDerivedStuff]	0xa4f400
rainHeavy.wav	mapped	False	Weather -[initWithCache:world:worldTime:]	0x7e4ac0
rainLight.wav	mapped	False	Weather -[initWithCache:world:worldTime:]	0x7e4ad0
rainUnderground.wav	mapped	False	Weather -[initWithCache:world:worldTime:]	0x7e4aac
razor.wav	mapped	False	Blockhead -[update:accurateDT:isSimulation:]	0xbd65d0
regenerate.wav	mapped	False	Blockhead -[preDrawUpdate:cameraMinXWorld:cameraMaxXWorld:cameraMinYWorld:cameraMaxYWorld:]	0xc09774
sale.wav	mapped	False	World -[incrementalLoad]	0x562268
sale.wav	mapped	False	TradingPostSellUI -[coinsButton:]	0x741308
sale.wav	mapped	False	DynamicWorld -[updateNetObjects]	0x8c72d8
sale.wav	mapped	False	DynamicWorld -[createFreeBlockAtPosition:ofType:dataA:dataB:subItems:dynamicObjectSaveDict:hovers:playSound:priorityBlockhead:]	0x8de608
sale.wav	mapped	False	TradePortal -[sellItem:atTotalPrice:count:usageMultiplier:]	0xd3dce0
sale.wav	mapped	False	TradePortal -[buyItem:atTotalPrice:count:]	0xd3e7a0
scorpion.wav	mapped	False	Scorpion -[update:accurateDT:isSimulation:]	0x8a9fd0
scorpionAttack.wav	mapped	False	Scorpion -[die:]	0x8a45e0
scorpionFire.wav	mapped	False	Scorpion -[reactToBeingHit]	0x8ab4ac
scorpionFire.wav	mapped	False	Scorpion -[reactToBeingFed]	0x8abb0c
sharkSplash.wav	mapped	False	Shark -[update:accurateDT:isSimulation:]	0x7db2e4
shortTwinkle.wav	mapped	False	BlockheadUI -[alertView:didDismissWithButtonIndex:]	0x6ff830
shortTwinkle.wav	mapped	False	WearUI -[alertView:didDismissWithButtonIndex:]	0x88bf28
shortTwinkle.wav	mapped	False	Workbench -[hurryCompletion:]	0xaedb10
shortTwinkle.wav	mapped	False	Blockhead -[hurryCompletion:]	0xc88bd0
sighFemale.wav	mapped	False	Blockhead -[updateGatherSpeedAndAnimationForCurrentInterationAndItem]	0xbaf9b0
sighFemale.wav	mapped	False	Blockhead -[collapseIfPossible]	0xbb6af4
sighFemale.wav	mapped	False	Blockhead -[sleepOnSpotIfPossible]	0xbb6e3c
sighMale.wav	mapped	False	Blockhead -[updateGatherSpeedAndAnimationForCurrentInterationAndItem]	0xbaf924
sighMale.wav	mapped	False	Blockhead -[collapseIfPossible]	0xbb6b04
sighMale.wav	mapped	False	Blockhead -[sleepOnSpotIfPossible]	0xbb6e4c
slowdown.wav	mapped	False	World -[heartbeatDataRecieved:fromPeer:]	0x555534
slowdown.wav	mapped	False	World -[update:accurateDT:pinchScale:dragInProgress:]	0x575020
sluice.wav	mapped	False	Workbench -[draw:projectionMatrix:modelViewMatrix:cameraMinXWorld:cameraMaxXWorld:cameraMinYWorld:cameraMaxYWorld:]	0xaf29c4
sneakySnitch.mp4	mapped	False	World -[preRenderUpdate:fastSlowDT:cameraZ:projectionMatrix:]	0x589be8
snip.wav	mapped	False	Blockhead -[update:accurateDT:isSimulation:]	0xbd9934
snowDig.wav	unnamed_by_original	False		
snowStep.wav	mapped	False	World -[incrementalLoad]	0x562240
snowStep.wav	mapped	False	Blockhead -[update:accurateDT:isSimulation:]	0xbc57f0
snowStep.wav	mapped	False	CaveTroll -[update:accurateDT:isSimulation:]	0xd5986c
spear.wav	mapped	False	World -[incrementalLoad]	0x56224c
spear.wav	mapped	False	Blockhead -[update:accurateDT:isSimulation:]	0xbdb7c0
speedup.wav	mapped	False	World -[heartbeatDataRecieved:fromPeer:]	0x555544
speedup.wav	mapped	False	World -[update:accurateDT:pinchScale:dragInProgress:]	0x575030
splash.wav	mapped	True	World -[incrementalLoad]	0x562220
splash.wav	mapped	True	Dodo -[draw:projectionMatrix:modelViewMatrix:cameraMinXWorld:cameraMaxXWorld:cameraMinYWorld:cameraMaxYWorld:]	0xa70a34
splash.wav	mapped	True	DonkeyLike -[draw:projectionMatrix:modelViewMatrix:cameraMinXWorld:cameraMaxXWorld:cameraMinYWorld:cameraMaxYWorld:]	0xabdd54
splash.wav	mapped	True	Blockhead -[preDrawUpdate:cameraMinXWorld:cameraMaxXWorld:cameraMinYWorld:cameraMaxYWorld:]	0xc08e10
splash.wav	mapped	True	CaveTroll -[preDrawUpdate:cameraMinXWorld:cameraMaxXWorld:cameraMinYWorld:cameraMaxYWorld:]	0xd63cbc
squeakDown.wav	unnamed_by_original	False		
squeakUp.wav	unnamed_by_original	False		
steam.wav	mapped	False	Workbench -[draw:projectionMatrix:modelViewMatrix:cameraMinXWorld:cameraMaxXWorld:cameraMinYWorld:cameraMaxYWorld:]	0xaf32e8
steam.wav	mapped	False	Workbench -[draw:projectionMatrix:modelViewMatrix:cameraMinXWorld:cameraMaxXWorld:cameraMinYWorld:cameraMaxYWorld:]	0xaf8244
steamHiss.wav	mapped	False	SteamTrain -[draw:projectionMatrix:modelViewMatrix:cameraMinXWorld:cameraMaxXWorld:cameraMinYWorld:cameraMaxYWorld:]	0xd2da28
stove.wav	mapped	False	Workbench -[draw:projectionMatrix:modelViewMatrix:cameraMinXWorld:cameraMaxXWorld:cameraMinYWorld:cameraMaxYWorld:]	0xaf2358
sugarPlum.mp4	mapped	False	World -[preRenderUpdate:fastSlowDT:cameraZ:projectionMatrix:]	0x587cd8
sword.wav	mapped	False	Blockhead -[update:accurateDT:isSimulation:]	0xbdb798
tap.wav	mapped	False	World -[tap:]	0x5ae044
tap.wav	mapped	False	World -[tap:]	0x5b103c
tap.wav	mapped	False	World -[tap:]	0x5b2318
tcMine.wav	mapped	False	Blockhead -[update:accurateDT:isSimulation:]	0xbd1404
tcPickup.wav	mapped	False	World -[incrementalLoad]	0x56225c
tcPickup.wav	mapped	False	DynamicWorld -[playTimeCrystalReceivedSoundAtPos:]	0x8de874
tear.wav	mapped	False	Blockhead -[incrementUsageOfClothing]	0xc6d608
tear.wav	mapped	False	Blockhead -[incrementUsageOfIceClothing]	0xc6dd20
tear.wav	mapped	False	Blockhead -[incrementDamageOfArmorClothing:]	0xc6e53c
tikopia.mp4	mapped	False	World -[preRenderUpdate:fastSlowDT:cameraZ:projectionMatrix:]	0x589078
timeCrystal.wav	mapped	False	World -[incrementalLoad]	0x562238
timeCrystal.wav	mapped	False	DynamicWorld -[updateNetObjects]	0x8c6d1c
timeCrystal.wav	mapped	False	DynamicWorld -[playTimeCrystalReceivedSoundAtPos:]	0x8de86c
timeCrystalBuy.wav	mapped	False	GameView -[checkForLikeAfterActivate]	0x91bcc4
timeCrystalBuy.wav	mapped	False	GameView -[cloudAuthenticateContainedCrystals:]	0x91c1b8
timeCrystalBuy.wav	mapped	False	GameView -[completeTransaction:]	0x9231e8
timeCrystalBuy.wav	mapped	False	GameView -[completeTransaction:]	0x92347c
timeCrystalBuy.wav	mapped	False	GameView -[restoreTransaction:]	0x925364
timeCrystalBuy.wav	mapped	False	GameView -[rewardIncentivizedVideoCurrency:]	0x941e94
timeCrystalBuy.wav	mapped	False	AddCreditUI -[cloudTopupSucceeded]	0xd37074
toolBreak.wav	mapped	True	Blockhead -[incrementUsageOfItem:indexToUse:wasAttack:multiplier:]	0xc6caf0
tpMission.wav	mapped	False	Blockhead -[startTradeMission:tradePortal:]	0xc879f4
tradeJobAbort.wav	mapped	False	Blockhead -[abortCraft]	0xc8819c
trainChug.wav	mapped	False	SteamTrain -[draw:projectionMatrix:modelViewMatrix:cameraMinXWorld:cameraMaxXWorld:cameraMinYWorld:cameraMaxYWorld:]	0xd2da50
trainWhistle.wav	mapped	False	SteamTrain -[remoteUpdate:]	0xd1a4b8
trainWhistle.wav	mapped	False	SteamTrain -[addToFuelForItem:]	0xd3049c
troll.wav	mapped	False	World -[incrementalLoad]	0x56221c
troll.wav	mapped	False	CaveTroll -[startInteractingWithTileAtIndex:tile:interactionType:]	0xd55508
troll.wav	mapped	False	CaveTroll -[update:accurateDT:isSimulation:]	0xd5b4b8
troll.wav	mapped	False	CaveTroll -[reactToBeingFed]	0xd84c64
trollDie.wav	mapped	False	CaveTroll -[die:]	0xd56328
trollFound.wav	mapped	False	DynamicWorld -[createTreasureChestOrTrollAtTile:atPos:loadTroll:loadTreasure:]	0x8ea258
trollFound.wav	mapped	False	CaveTroll -[preDrawUpdate:cameraMinXWorld:cameraMaxXWorld:cameraMinYWorld:cameraMaxYWorld:]	0xd60788
trollOuch.wav	mapped	False	World -[incrementalLoad]	0x562218
trollOuch.wav	mapped	False	CaveTroll -[reactToBeingHit]	0xd8429c
unicornDie.wav	mapped	False	Donkey -[loadDerivedStuff]	0x6bc3a4
unicornprr.wav	mapped	False	Donkey -[loadDerivedStuff]	0x6bc3a8
upgrade.wav	mapped	False	Workbench -[upgradeToNextLevel]	0xaff714
upgrade.wav	mapped	False	Workbench -[remoteUpdate:]	0xb01130
upgrade.wav	mapped	False	TradePortal -[remoteUpdate:]	0xd3a12c
upgrade.wav	mapped	False	TradePortal -[upgradeToNextLevel]	0xd3d5f8
wind.wav	mapped	False	Weather -[initWithCache:world:worldTime:]	0x7e4ac8
womanDie.wav	unnamed_by_original	False		
womanOuch.wav	mapped	False	Blockhead -[sufferDamage:isSimulation:recoil:]	0xbed984
yak1.wav	mapped	False	World -[incrementalLoad]	0x562214
yak2.wav	mapped	False	World -[incrementalLoad]	0x56220c
yak2.wav	mapped	False	Yak -[loadDerivedStuff]	0x95d5b4
yak3.wav	mapped	False	World -[incrementalLoad]	0x562208
yak3.wav	mapped	False	Yak -[loadDerivedStuff]	0x95d5c8
yakBaby.wav	mapped	False	World -[incrementalLoad]	0x562210
yakBaby.wav	mapped	False	Yak -[loadDerivedStuff]	0x95d5d0
yawnFemale.wav	mapped	False	Blockhead -[stopInteracting]	0xbb3408
yawnMale.wav	mapped	False	Blockhead -[stopInteracting]	0xbb3418
