name	bytes	sha256	original_referenced	original_stem_only	replacement_referenced
axe.wav	13568	d02c4692a5dc5038cf70f5f061086bfaf2b6ab38b4a3245ccce3b592743f682e	True	False	False
babyUnicorn.wav	82806	73d42667145b7e54f08273bd95f4fef76fc7abb63d136933a1fe64790f8ad348	True	False	False
badPath.wav	83540	6d59d13b3d6f82ac05a2090898184b5a084893bab58aaf91c9bfc7fe8494044c	False	False	False
bird1.wav	296102	f4b45ba48dc9edc66c54bdec3721587a13d6b28c8e877e167f6fd4dcb6a97822	False	True	False
bird10.wav	125142	c3d952ed91e9a2dcc75ce35ea3e93a71a8e15ef6d1dfb094b8e1c530b9fed100	False	True	False
bird11.wav	162920	30361a71605577b731cb7791c6cf697935d96b0ce14265238caa7ca0f95f870a	False	True	False
bird12.wav	173652	3d0fb7222a4fc979fa05b2151e412e97304fd3fb56ff9ddd6e34f5d5e28b040e	False	True	False
bird13.wav	168654	b46f37f74f60c37027bcac4ebce0a1f4b331a0e514004daef38a1baae003f129	False	True	False
bird14.wav	245534	5698327d1bf6f7841677f094269be25667be71fef66519bcac8f49f09149a9fe	False	True	False
bird2.wav	769442	fc8e91a6039d1d838e95a8f7489b40ef138ef775ff4a5611bbf6f20ab232a9c2	False	True	False
bird3.wav	179090	21e4e2b3b3a732b61b23242e565e3e0625ad01bcfc9481234bbb68e935479f7f	False	True	False
bird4.wav	263028	156e17422f8cd22f2b375ee810ff33de46be56b4b60cf02b4703664b59b7e043	False	True	False
bird5.wav	128670	be958c191e993bbf1fe725c9ab89b47069dc9305dc835f29f71cf53ee7a4bbe6	False	True	False
bird6.wav	97506	73b9db85d1689389f4f107ea9359dd395846360c937d50d3d758998bb83f2a3e	False	True	False
bird7.wav	46496	2c4680b8acd129622a3506dfeb0951809960aab69582a2382c7068a2a320527d	False	True	False
bird8.wav	129110	9776f836b6f8dbb26a7c9ad948444d5019a792b8efd6a48b31c6b20cee2dabb9	False	True	False
bird9.wav	115440	4e884e8acdb6bba0e345710a9bbef48feda0bb56d54ca9bc67569ece9c090fe4	False	True	False
blockheadDie.wav	382980	f343c620f7490da12d14d631ac38a07a139e705b755ab76f96f013627f87b64c	True	False	False
bow.wav	53406	eabc394eae3d509c97aa5d354c4470dcfe2f85fe02eb1a91426309da9b941c8e	True	False	False
buzz1.wav	72074	e1e211018b4a948a57f4d8ddc432ee10059217a53b0188b4775973c02ef4f031	True	False	False
camera.wav	37824	76c597c490ed7ef2722989af7674eca74f24ed33b70cc4a22f428a333649c558	True	False	False
chatMessage.wav	123084	625162998402c9f4b0e72180f8ada9f30e584c64af6be988ac0d8c9958f1846c	True	False	False
chimeUpgrade.wav	68840	d8a650b0118240b2a2e8cc88fc4bc5443e8bb2303082c3ed7b22b6cb4870b5b6	True	False	False
click.wav	6072	daa72b526672685d4e1c8da199838802ae42368de9d93f47113257496d706f39	True	False	True
clickDown.wav	1662	fe1299ce5564e52fbb1398002d92feec0ff4996eca881add760f554b780223a9	True	False	False
cluck.wav	41058	140102cf0e666ab6e6c84f3b7550f29e456dd59be38ece8941b675898ba7b541	True	False	False
craftCreate.wav	5630	50244da518f055ecf9346edf6c8771b1c2150a314dd38f9dfe97f3a08947ad01	True	False	True
craftTool.wav	32972	672aeca6e4b0cecc0982f0bc368c439d0d96c3acf91a101b945e70ffe0027153	True	False	False
craftWood.wav	29298	fe0a37325f4b49ad0f6df814239037733312e483e7ef693b7c5656e910815287	True	False	False
craftWorkbench.wav	12686	aad6e34e3226db1daf9aeff48f0989adc69af37ee67e3feaa51b3ffec1d47dd8	True	False	False
crickets1.wav	85304	e7f8c2974d8c1e6beafccfc8a77e137d6202a1bfc92f352d8eb7d50f6824804c	True	False	True
crickets2.wav	142340	c07c23bb0a56a590bef3728f3a46659f4d7ce4ee52947404b6076297ed30b5de	True	False	True
crunch.wav	56346	692349dc3c61ac62e5e4d126dd47d827e6fa7bac49c4bd6d2ba16168d2469cd0	True	False	True
die.wav	452510	862271d60c025d309aa65a6ad8ef7522d7c2415c13681b26c6cc6fa528524254	True	False	False
dig.wav	5924	9d43e3a11a8fc58dd677cd0670a6596cc850bccc6b63689d97acace33dd50281	True	False	True
divertissement.mp4	1492491	be00a916d17eaccfe86a117b1ff500e5b1e69f6de978229aa781f67cd7c9efb3	True	False	False
dodo2.wav	20772	34c327aabaf3b77596d59054a6f9f7b821fb2ed72c5130616b39eb483461f21e	True	False	False
dodoCluck1.wav	26064	32d94ad7e0a8966e89a1aa1fd9f1f851d90390318fb85439e49ccf7c93c98afb	True	False	True
dodoCluck2.wav	20036	b019baa99e0ccf8a0d6ca061e46855aa90923b3b3601831ec2fa5282a5ab4c0e	True	False	False
dodoCluck3.wav	19742	a0e9ff07e6005c41e944694f174ba29f2f835f4d3c2cf22d050241311d317909	True	False	False
dodoCluck4.wav	454422	331ff8166a559d6da2986371ca236c8df8e329751b665889ca2847288fe773d1	True	False	False
dodoDie.wav	62960	4ee1716ce803cc95c1adcc62bc45c27a5ad02744f2a103a8fc91f526b542cf80	True	False	True
dodoTame.wav	65018	11cd1f42028e864917ffd5f716a31d1a7ce9adf777fd5b3e0b21c80a6c0b468c	True	False	False
donkeyEee.wav	65312	1ef7c95ef112e4b48bed42009164f39dfa9de35d947ef43709a416d215241db8	True	False	False
donkeyEeeLittle.wav	37676	9f6a42723e97d1410abc655d1c999c04f73175460ccb44d0d0df37a4fe5c1042	True	False	False
donkeySnort.wav	49730	6113ab8e321cb18b42006a67b670284ecbba67195b407ef887d3e68f78cfc5a4	True	False	False
doorClose.wav	66194	995be47cce75e65516dcff20a5828112be1ce73226d652c3ff8482348561922d	True	False	False
doorOpen.wav	34002	80562e12d069825c6a33244c9617c5dffc4728fc90408f1ad265cf393c7a3aad	True	False	False
drink.wav	49584	76765b99b3d48ce903d377f62d3c6fdbf414a51449d754ec75c692e30d4ba157	True	False	False
drop.wav	9600	04dfb12b9e4c49b692e83586c6d7d10cbf81b2ba3e30da8279e93002fdf57215	True	False	False
dropbear.wav	31650	e0d7062c803d3756aca323ce55a0835aa37d280ec12d8e671e7f02cd571d232b	True	False	False
dropbeardrop.wav	70604	06701d49dea8ed0883387bddd62f2fc80701fc4b82928724301ea9518ee9f3b3	True	False	False
eggExtractor.wav	424286	b0c95d3477a93853c8ffb1e2f0b598f49cd73722c92183e041422b97a7830126	True	False	False
eggLay.wav	17832	35e73c02687bb90307ff53922c72c91d2e392c367ef12ce7c9efae7df88f0f0d	True	False	False
electricFurnace.wav	176150	96f2b8c49fb764d725189a105c7ab782d97753cef683113ee318d05f7579798b	True	False	False
electricMetalwork.wav	112058	8511cb32b8974c8021cd640e2efe53f29bf175a1aa73bf585d92cdd69f98b5df	True	False	False
elevatorBell.wav	139400	e84af30141329a5f8b6fa99c5a81c115ba4bb4e5c0d50e0bf914ee9e6dc01186	True	False	False
elevatorDoor.wav	88098	c0fd584da085b33e93e222199cf6eb4057c7d426b309b7c42f99e2814dacff84	True	False	False
fanfare.wav	448248	32678a0477544ecca4b89de2b6a13e6b02be9be8a23ba6c3ee0d5bc2a27a1da8	True	False	False
fire.wav	121614	d0f361aa14f26656215e0c8fd8b76d9f74b6d4c5240b25402ed3f16e22122876	True	False	False
fireLoop.wav	345936	c47b2bd8befb266d8860d9d16a6a751b175a36df43fc4fb0f9e00d7f97b01588	True	False	False
fireLoopLow.wav	345936	e03c3d40fd494e8b562041ff26e4c14da8ee1ed5351a8ef395f7e7f5aa8c191a	True	False	False
fireShort.wav	27092	867be103e6484b07e943b96971d68ce08e0c2f370a40acbdaa7b59ae049fafeb	True	False	False
fishCast.wav	62666	be65b2db78220c333be6818c934724afe8ba2b029d9c8f571c533d2b1fea24d4	True	False	False
fishDie.wav	121172	f5634e2896d718ccf21b2534104927d24302d9586c37ddfe41280efdef6ce16a	True	False	False
fishReelIn.wav	134550	315be977332e9d56f2f7f21e4196c4466a5e1a332389a4dd9cb43a2269044f07	True	False	False
fishRun.wav	106178	54589d6253940a88e33f68e96c8cba6f63c4ebc3c2a72675c8adc1147526138b	True	False	False
freeblockLavaHiss.wav	77220	18c376986d0f925b48aedfdcbba03ba7945524f52d5852f75360ef80921afb89	True	False	False
furnace.wav	180120	e441384943bde9a2edd48b47297a6d7a400f5df07c162cd69c76ee7616b72540	True	False	False
gateClose.wav	44880	23755cea483e8c02354f31d21d0b22410ecebbfe27c62a3b342a2354c5bd00a1	True	False	False
gateOpen.wav	56786	6bd760b4bc599ed08bd91486a122e6557e7ec2986085e26b70b3b44df3dc0b14	True	False	False
glassSmash.wav	31502	2e8fe3c5d2c1f9a9ff85db846666ef5ee65a028191a458ab40de04db1c77c51f	True	False	False
gym.mp4	2945673	a9af89e92a00a7f0f05964fa8aea91c14facda68080ed35c12c14eb3f8bd1805	True	False	False
hatch.wav	90744	2a38f1c23db607ff96906f09657be084c76bed820ce5a2739362317d48668e08	True	False	False
ice.wav	19742	ae5bb2fd48d1cf91b3cbe44b9cf495d844ef5f99f38435ac4b71d7387dc1d176	True	False	False
ironDoorClose.wav	65018	96eb280b91cdaa0e9bb3d995782f9d9147c8b01c3b169135ae7c1f9c2180bcf8	True	False	False
ironDoorOpen.wav	110148	857ecd889fc916358df968f590414d5eca9534996ff7d6bca63ec506a0c377a0	True	False	False
jaws.wav	144252	d3b27ded862ce52b49eea34e7e9b0eb047cb81dbee2852b4a091374230f49636	True	False	False
jet.wav	581724	91fd516061d2a60023bf16e77d38720a476206da87a69b7ea793d7a3f6d603ad	True	False	False
largo.mp4	5077780	524ef1525eb73fb0251b6d78f64f4ab1ef15e385f966e5851c5fcfc90dacde91	True	False	False
leaves.wav	29298	0011eece411737a864d8d949b7ec1fbfc24295048220e5f40f3700dd1cb548ca	True	False	False
littlePop.wav	4160	d2602923a3a2fe9c509dcbd2c2aa82891284f800b9adb1b3316b2c28f1a33c24	True	False	False
logs.wav	39146	7f4c722a72d14105c7085af269ff1383222d8d3cf3791a897f439064263a9fe2	False	False	False
lowbuzz.wav	118086	5db7f375f22fac8661244acd0086624e39b57d00634d168fee9ab2469457db18	False	False	False
magnet.wav	112352	d2dff21268f820bd6212f16ae506ad368cb7b60e453e1fc9ae6a3a81d5a545a2	True	False	False
manDie.wav	47378	2a1ba8ac2c1cd304eae5a72330bd2f293b08ff6c51a3387ea1c59880c9b078ec	True	False	False
manOuch.wav	34736	9242cf9a89555f6b94e720a2e41880049ca1015129e8fb39b3f9c9a595806c30	True	False	True
menuPop.wav	14744	d3a8cb100c55a10bebdd980310456ca3138094375566f6bbd5aab51c78526f58	True	False	False
morning.mp4	1323311	883d0fe27d5d2d5f9a7ae9a78166fea4fd9cc420275d5a17efac28eb109afcc5	True	False	True
mountainKingLoop.mp4	586749	452f5db1d874c040a17f32f756aa30209206ac72a33af62ecedfb6a60ffc856a	True	False	False
nightFall.mp4	2861330	0d322d4f306643ad6d89d858bcdd6dbaff7677bf35b236432f241b9255ffa483	True	False	True
noPath.wav	6512	d253f25e0818c8cd255a06958594588ec704dd10829bcb7a09ec238c070a5d9e	True	False	False
paint.wav	27534	12ee3ccd987c948ee2c742da617f2d413a9e8c271a5c1d80efe2e5549bc0c6a9	True	False	False
pathGood.wav	4454	cdaaccadcc9b87a4668507697429ab45b78ee1097264d0b59448865757f314fe	False	False	False
pathOK.wav	4454	7fdc8b4824e58a39dc69986a3fbe7fa6f6e61049c31eec592c941135f2c7e1ff	False	False	False
pickaxe.wav	14450	49554f6b897d73d55b237a069a84d9c1361dfee69ccfbfbec1b8215987c2e080	True	False	True
pickupGem.wav	293310	1de9ca8b7cc26b1378b1371fbd5d9f6bbf36e6afe1f3ef597d8f9b771e49bf6c	True	False	False
place.wav	2984	b435c33c72dc4ce754a32fc06a5541dd7f7160a58be98d2758a6822528434251	True	False	True
pop.wav	9600	04dfb12b9e4c49b692e83586c6d7d10cbf81b2ba3e30da8279e93002fdf57215	True	False	True
portal.wav	1173546	01a9c48d10a4504f708e7b689f7d5792e5ccebcd37aa9c6baff59221146e336a	True	False	False
press.wav	210402	ae56821ed4bccf97cbec30a03d5edbffcb3131d4615af605f73f0ed957cb0a44	True	False	False
punch.wav	36060	d8e9b1a99fb1a466a79394160ce7ca4899e4c4c43c8361df22b9251f652ca000	True	False	False
punchSmall.wav	18126	58012889075c6cdd285748d4c9db0e8f45b4a5c9ea61f72bda47caf29e1d116c	True	False	False
rail.wav	17978	aa7a7ffa76464e0b6186190b0c30f156ac1bd8c65d061a46da0ae4538f07415f	True	False	False
rainHeavy.wav	1603374	71d027f50af52ca1086266b2da7764f8a67ec6548a409a414accfef2cc411e00	True	False	False
rainLight.wav	394592	01741275edaf4ddf3c5ad220a12ad2e0382db1563ef5d00db2936a9a7a228cd6	True	False	False
rainUnderground.wav	914384	59d5c7483432c56fc037201a1a4be988a9c9be768214e29ea1c0b9e0fe5df2d6	True	False	False
razor.wav	30768	c10719bc9db217d39a0fa7cef16eb384111f1d4dc9d5be09f12c8084b1b37eff	True	False	False
regenerate.wav	1751402	0969bb489aabfbf78921c288649cca150726ad741533d289354dcc6790a7261a	True	False	False
sale.wav	76632	f201b4fa31caedfa91f9bd5b9d70bec26cb215c8ad3122c239c3203f2a51894e	True	False	False
scorpion.wav	80306	18c13c8e9fe132126ae13e1a6b639f278e55245176a127e16361a781cf6ab6af	True	False	False
scorpionAttack.wav	61050	c48e5a869c9b3dddf5fb20fd402e4164a12cf45962cba70e12710a6c8e87efc5	True	False	False
scorpionFire.wav	63990	dc67edaa2413525cc74db453c7efb06962c680f6404b3e7d9523a255d9071822	True	False	False
sharkSplash.wav	217752	463809692b0440340e61f9a7565e714e52399c3b58a23d18bed848c3c0dc49ec	True	False	False
shortTwinkle.wav	203934	e5e677919b7a2282d74c7ba1939cd8218fe278182e71207433895433ddd59a47	True	False	False
sighFemale.wav	57522	cfee8567d6fc19e73f5f37c6cff81970d7f8cc9f05cdfd6e3a42150815ef982f	True	False	False
sighMale.wav	42968	c34c7dfb4fe5e38cc0e03617ba81bb8633f8a5213126a237e7a0401aa921001b	True	False	False
slowdown.wav	62226	4c51936b2323a8aea3b3041a2a3266d759c0f242cef082d5c39e35eba1ec280e	True	False	False
sluice.wav	258470	6bab1ee12b45adcf905ed54696ade0fdc53f1a46af3137c16cdee5cd6508c1cc	True	False	False
sneakySnitch.mp4	2208890	1934c9925f82a448c61c3a6438cb57e00f4f4d63a1be8ea8f2ef0a638b59b095	True	False	False
snip.wav	22536	d6efae7c749ea706e957407a3eda95137fce50a039eb80fbc32007db8fb57115	True	False	False
snowDig.wav	18420	1dcde3efb8532e3a501ca965df2f9f85fcf63394a7d4a21be55c31998771a2ee	False	False	False
snowStep.wav	75456	7e9d6c7bd0cf080c00139fc119fa02cd457cf4b6840995b1d8c7d015b965b4f1	True	False	False
spear.wav	19596	4f13576633f3cb5835bc337a121b0ea4462121c79d65cdc6011ca136db3942af	True	False	False
speedup.wav	62226	501c80ecb27cb1977dcc45d9a833654081d87d244728d92628406df742edbde6	True	False	False
splash.wav	97212	710c49f97614cae48cbc3cdd8b272f85d672b45ac91d4be74dd2f41797615d3d	True	False	True
squeakDown.wav	6072	9d1612441609dc27a364e5e18fada2985d5621766c416196b3baf92f489c61a1	False	False	False
squeakUp.wav	4748	cfa8e8b322e696a1959e10e8ebd6f92b77fc67c2d30a5b9d3fba10e318b77d6a	False	False	False
steam.wav	438546	7b50316d255f1b13f89bd7408c8375064044b2b0cdf6f7cef8bcf8764ce0dde2	True	False	False
steamHiss.wav	193644	a5845f89d9af451274f43576be2099d0d8c42bd767d08fe77f79341bc4becef9	True	False	False
stove.wav	220986	299496c283ac8bc5ec620e458bcdaec7be3afbcf5cc87face6806a7fcc8c0652	True	False	False
sugarPlum.mp4	1969586	a2f6a771fef4eecbbe0be9a2b7be99ec3ec01e39ca9e8a2aad6d7ad4c42ff9f6	True	False	False
sword.wav	45026	267733ed5e0e89455dfdd1e7f79db7063d2b8595af765986876990709dfb8935	True	False	False
tap.wav	4454	04f27c4226e2ee49491d3d48293b2340d267cf314149a49510af0c75a2b81537	True	False	False
tcMine.wav	24740	0983b9b5afa760382a75cc0c4c59877833dc11e1975ee36f37ee63fb1c2924f2	True	False	False
tcPickup.wav	52376	9d95c29a6b49645524d21178d46bb2d1db2cee87d56cb381a156fcd680b6fc5d	True	False	False
tear.wav	91184	76a1e210aa05f20f145c3d1c75d1a7f49fc47f501f9156e93ee88f2c41ab943f	True	False	False
tikopia.mp4	3743405	2f062abb4d7300fea881c192e94d2df4cceeab26162f734a845f9d7a8147dc80	True	False	False
timeCrystal.wav	139548	458eea137fb14b018dbf5a652f934bf1fa09f33baeec38b7edc6f9e5fa56a320	True	False	False
timeCrystalBuy.wav	312860	1c1e76157defab87008f92ff13ed3a3820de52f478e548a4c6aa775840fc3736	True	False	False
toolBreak.wav	14304	391e1b1be09048432fca725c5e160820a82357643d594029c0f9b260f8f634bc	True	False	True
tpMission.wav	284930	e969f5282426e0f8bd39a8acab1de3c019b358657cbf5c2ededf6c1763c28450	True	False	False
tradeJobAbort.wav	86186	143f2581abb80bed78f5b1dd5ff60b9b8c53caf9691ce5d93f5a356813b7c1f2	True	False	False
trainChug.wav	222014	cb7261442abc7caee0ae5dc1357d4ac4c4dfd603f12cbc6d6a6f8513f67b5a51	True	False	False
trainWhistle.wav	154542	8306c16db11589eebed4b350f433bdce63d6a22def089dca9630927c118cd585	True	False	False
troll.wav	80454	eb27661d9e43b431f3032afd45917b3d981f39fd59ef4c86316a29e6619053bc	True	False	False
trollDie.wav	128964	6e3b27d77b0bdcb3ff9a8429ed2a6ba0741bf39941eeb3e14e40b7681e44474a	True	False	False
trollFound.wav	186146	4db8ca2d43c94b95341e2d1ab02ca4325ad07a9cfa6d5d9debe14ad6b9c208b5	True	False	False
trollOuch.wav	96770	e6505b7d4a93f84a16638acf9ad47b01e83da13f018d4d6db037b0caf69e90cb	True	False	False
unicornDie.wav	121172	18c4701fb15987144137d0de110c784683c9bbf7f2b73bbc9836efe8a10f99b6	True	False	False
unicornprr.wav	55904	4d28802911e4ce0acb50279b0cdcdc14815ee50d56847d0023a621afe97e0390	True	False	False
upgrade.wav	95594	fbdda117f80e3007ff437fe45ebcd078fce42a26e509bd92a99bfaec443fa9fd	True	False	False
wind.wav	3964928	b53da822333d40c59a60d9604f4775696bb9d40404611efe6e4a84d3017d0458	True	False	False
womanDie.wav	56786	7b4254d9189caebea4fc764ccc766e43eed9f0ac299162541760ccf96d8aab69	False	False	False
womanOuch.wav	42674	b16aac4c609b0ea129bccd7a98df1262ac5d8b59b243ec7f69cd377b0db47a4d	True	False	False
yak1.wav	39440	e0263d8b711e0fd82b6822473089b9e69ed49afc37d6d3d78186495d9082964f	True	False	False
yak2.wav	41058	6944b23600a50f49bb631fbf40bf937d34480371703d526e10c2defe7aa4bc71	True	False	False
yak3.wav	33120	6ee6625bc6844517cb3281994a6192c553506c8f100497ca8b6159068a87c880	True	False	False
yakBaby.wav	12246	9b7e3bb2fe8a4ba0c3cec5255da6541d001dddd6aecffe3c9524f5da240d75c6	True	False	False
yawnFemale.wav	169242	bea3f16febffb98962c93d34ffe08e05dd3e7f38794ad1e46da8b67182579f06	True	False	False
yawnMale.wav	114116	3808507f8dcd78dd8af8bdd93a833805de01144b0ac37711ceec5fcc7ea2a1ca	True	False	False
