selector	function	literal_count	selectors_in_function	shipped_audio_literals
soundNamed:	World heartbeatDataRecieved:fromPeer:	0	addObject:;alloc;array;arrayWithObjects:;blockheads;connected;countByEnumeratingWithState:objects:count:;data;date;dictionary;dictionaryWithDictionary:;encodeObject:forKey:;finishEncoding;getBytes:length:;getDefaultGameSaveForWorldWithID:;initForWritingWithMutableData:;instance;isCloudMatch;length;localPlayerID;migrationComplete;multiSoundNamed:;numberWithBool:;numberWithDouble:;numberWithFloat:;numberWithInt:;numberWithUnsignedInt:;objectForKey:;paused;play;previewData;privacyString;release;removeObjectForKey:;retain;sendHeartbeatData;setObject:forKey:;setPaused:;soundNamed:;stringWithFormat:	
multiSoundNamed:	World heartbeatDataRecieved:fromPeer:	0	addObject:;alloc;array;arrayWithObjects:;blockheads;connected;countByEnumeratingWithState:objects:count:;data;date;dictionary;dictionaryWithDictionary:;encodeObject:forKey:;finishEncoding;getBytes:length:;getDefaultGameSaveForWorldWithID:;initForWritingWithMutableData:;instance;isCloudMatch;length;localPlayerID;migrationComplete;multiSoundNamed:;numberWithBool:;numberWithDouble:;numberWithFloat:;numberWithInt:;numberWithUnsignedInt:;objectForKey:;paused;play;previewData;privacyString;release;removeObjectForKey:;retain;sendHeartbeatData;setObject:forKey:;setPaused:;soundNamed:;stringWithFormat:	
multiSoundNamed:	World update:accurateDT:pinchScale:dragInProgress:	0	abortPath;activeBlockhead;addObject:;autorelease;continueSimulate;count;countByEnumeratingWithState:objects:count:;createPathWithDict:;date;extraData;gameBlockingUIDisplayed;goalInteraction;goalX;goalY;hasPath;inProgress;infoForPathRecalculation;intValue;interactionObjectAtPos:;interactionObjectTapped:hasCancel:;isCloudGame;objectAtIndex:;objectForKey:;paintingAtPos:;paintingTapped:;path;pathNeedsRecalculated;pathType;pathUser;pathUsers;removeObjectAtIndex:;retain;setHasPath:;setInventoryUIToExpanded:;setNoLongerWaitingForPath;setPath:type:goalInteraction:extraData:;setPathNeedsRecalculated:;setWaitingForPathToPos:;showLowCreditWarningWithMinutes:;timeIntervalSinceReferenceDate;updateIdleTimerDisabled;updatePath;workbenchAtPos:	
multiSoundNamed:	World placeWorkbenchOfType:atPos:saveDict:placedByClient:placedByBlockhead:placedByClientName:	0	alloc;appendBytes:length:;appendData:;autorelease;clientBlockheadInventoryRecievedForPlayerID:blockheadID:data:;dataA;dataB;dataWithBytes:length:;dataWithPropertyList:format:options:error:;dictionary;getBytes:length:;gzipDeflate;gzipInflate;initWithSaveData:;instance;intValue;interactionObjectAtPos:;inventoryNeedsSaving;itemType;length;multiSoundNamed:;numberWithUnsignedLongLong:;objectForKey:;playAtPosition:;playerInfoForPeerID:;playerIsAdminWithID:;prepareInventoryForSaving;saveData;saveItemSlotsArray;sendDataToServer:reliable:;setInventoryNeedsSaving:;setObject:forKey:;subItems;subdataWithRange:;tileIsProtectedAtPos:againstClient:;uniqueID;unsignedLongLongValue;updateTileGraphicForWorkbenchOfType:atPos:level:;workbenchPlaced:	
multiSoundNamed:	World tap:	0	activeBlockhead;appendBytes:length:;checkForBoatUnderTap:;checkForTrainCarUnderTap:;currentItem;dataWithBytes:length:;fishingRod;instance;isVisible;itemType;multiSoundNamed:;onTradeMission;playAtPosition:;regenerating;sendDataToServer:reliable:;stopFishing;tap:	
multiSoundNamed:	World doCameraScreenshot	0	achievementsButtonTapped;addObject:;allBlockheadsIncludingNet;alloc;array;arrayWithObject:;autorelease;blockheadInventoryChanged;blockheads;cameraUI;checkIfCanWarpInSecondBlockheadAfterItemAdded:dataB:;clientID;count;countByEnumeratingWithState:objects:count:;craftUI;defaultManager;displayCameraFlash;displayed;doCameraScreenshot;fileExistsAtPath:;imageWithCGImage:;init;initWithIdentifier:;instance;instructionsButtonTapped;integerValue;isEqualToString:;isPermissionGranted:;localPlayer;multiSoundNamed:;numberWithInt:;objectAtIndex:;objectForKey:;pauseUpdates;play;playerID;pos;presentSavedToCameraRollAlert;presentShareUIForImage:;render:;reportAchievementWithIdentifier:;reportAchievements:withCompletionHandler:;requestPermission:withRationaleMessage:;rotate:;sendHeartbeatData;setBool:forKey:;setDismissCameraUI:;setObject:forKey:;setPaused:;setPercentComplete:;sharePhotoFinished;showCameraUI;standardUserDefaults;storeUsername:andPassword:forServiceName:updateExisting:error:;stringByAppendingPathComponent:;stringWithFormat:;tileIsLitForClient:atPos:tile:;worldUI;writeToFile:atomically:	
playAtPosition:	World placeWorkbenchOfType:atPos:saveDict:placedByClient:placedByBlockhead:placedByClientName:	0	alloc;appendBytes:length:;appendData:;autorelease;clientBlockheadInventoryRecievedForPlayerID:blockheadID:data:;dataA;dataB;dataWithBytes:length:;dataWithPropertyList:format:options:error:;dictionary;getBytes:length:;gzipDeflate;gzipInflate;initWithSaveData:;instance;intValue;interactionObjectAtPos:;inventoryNeedsSaving;itemType;length;multiSoundNamed:;numberWithUnsignedLongLong:;objectForKey:;playAtPosition:;playerInfoForPeerID:;playerIsAdminWithID:;prepareInventoryForSaving;saveData;saveItemSlotsArray;sendDataToServer:reliable:;setInventoryNeedsSaving:;setObject:forKey:;subItems;subdataWithRange:;tileIsProtectedAtPos:againstClient:;uniqueID;unsignedLongLongValue;updateTileGraphicForWorkbenchOfType:atPos:level:;workbenchPlaced:	
playAtPosition:	World tap:	0	activeBlockhead;appendBytes:length:;checkForBoatUnderTap:;checkForTrainCarUnderTap:;currentItem;dataWithBytes:length:;fishingRod;instance;isVisible;itemType;multiSoundNamed:;onTradeMission;playAtPosition:;regenerating;sendDataToServer:reliable:;stopFishing;tap:	
setSoundVolume:	MainMenuOptionsUI soundSlider:	0	addObject:;alloc;array;arrayWithObjects:;autorelease;boolForKey:;button:;changeHDTextures:;copy;count;dealloc;init;initWithDelegate:windowInfo:cache:;instance;inventoryItems;loadResources;objectAtIndex:;portalChestManager;release;setBackgroundSelectedTexture:;setBool:forKey:;setEnabled:;setFrame:;setOn:;setSoundVolume:;setString:;setTarget:action:;shaderNamed:attributes:uniforms:;standardFont;standardUserDefaults;textureNamed:;updateHDTexturesButton;value	
setMusicVolume:	MainMenuOptionsUI musicSlider:	0	addObject:;alloc;array;arrayWithObjects:;autorelease;boolForKey:;button:;changeHDTextures:;copy;count;dealloc;init;initWithDelegate:windowInfo:cache:;instance;inventoryItems;loadResources;objectAtIndex:;portalChestManager;release;setBackgroundSelectedTexture:;setBool:forKey:;setEnabled:;setMusicVolume:;setOn:;setSoundVolume:;setString:;setTarget:action:;shaderNamed:attributes:uniforms:;standardFont;standardUserDefaults;textureNamed:;updateHDTexturesButton;value	
initWithFile:	MJMultiSound initWithFile:	0	addObject:;alloc;backgroundThreadPlayWithDelay:;copy;count;countByEnumeratingWithState:objects:count:;dealloc;dictionaryWithObjectsAndKeys:;dontPlayAnySounds;doubleValue;floatValue;init;initWithFile:;instance;numberWithDouble:;numberWithFloat:;objectAtIndex:;objectForKey:;performSelector:withObject:afterDelay:;performSelectorInBackground:withObject:;play;playAtPosition:;playDelayedSoundWithDict:;release;retain;setInUse:;setLooping:;setMasterVolumeMultiplier:;setVolume:;sleepForTimeInterval:;sound;stop;stopLoopingSound;timeIntervalSinceReferenceDate	
initWithFile:	MJMultiSound initWithFileNames:	0	addObject:;alloc;backgroundThreadPlayWithDelay:;copy;count;countByEnumeratingWithState:objects:count:;dealloc;dictionaryWithObjectsAndKeys:;dontPlayAnySounds;doubleValue;floatValue;hasFinishedPlaying;init;initWithFile:;instance;isInUse;numberWithDouble:;numberWithFloat:;objectAtIndex:;objectForKey:;performSelector:withObject:afterDelay:;performSelectorInBackground:withObject:;play;playAtPosition:;playDelayedSoundWithDict:;release;retain;setInUse:;setLooping:;setMasterVolumeMultiplier:;setPitch:;setVolume:;sleepForTimeInterval:;sound;stop;stopLoopingSound;timeIntervalSinceReferenceDate	
