scope	metric	value
set	direct_tile_cases	count=44 min=192 max=606
set	tile_map_inline	count=33 min=32 max=746
set	item_sprite_images	count=47 min=32 max=746
set	shared_body_draw_values	count=49 min=32 max=746
set	shared_body_constants	count=6 min=224 max=512
overlap	shared_body_vs_direct_cases	shared=0 only_a=49 only_b=44
overlap	shared_body_vs_sprites	shared=37 only_a=12 only_b=10
overlap-sample	shared_body_vs_sprites	32,34,35,64,65,66,67,76,79,80,81,82
overlap	direct_cases_vs_sprites	shared=0 only_a=44 only_b=47
overlap	constants_vs_direct_cases	shared=6 only_a=0 only_b=38
overlap-sample	constants_vs_direct_cases	224,256,265,274,480,512
overlap	constants_vs_shared_body	shared=0 only_a=6 only_b=49
