font	char_id	letter	x	y	width	height	xoffset	yoffset	xadvance	page
04b03_16.fnt	32	space	133	66	0	0	-112	132	8	0
04b03_16.fnt	33	!	61	51	5	13	0	2	4	0
04b03_16.fnt	34		55	66	9	7	0	2	8	0
04b03_16.fnt	35	#	179	2	13	13	0	2	12	0
04b03_16.fnt	36	$	76	2	11	15	0	2	10	0
04b03_16.fnt	37	%	164	2	13	13	0	2	12	0
04b03_16.fnt	38	&	194	2	13	13	0	2	12	0
04b03_16.fnt	39	'	95	66	5	7	0	2	4	0
04b03_16.fnt	40	(	11	51	7	13	0	2	6	0
04b03_16.fnt	41	)	20	51	7	13	0	2	6	0
04b03_16.fnt	42	*	24	66	9	9	0	2	8	0
04b03_16.fnt	43	+	2	66	9	9	0	4	8	0
04b03_16.fnt	44	,	86	66	7	7	0	10	6	0
04b03_16.fnt	45	-	115	66	9	5	0	6	8	0
04b03_16.fnt	46	.	126	66	5	5	0	10	4	0
04b03_16.fnt	47	/	119	2	13	13	0	2	12	0
04b03_16.fnt	48	0	80	36	11	13	0	2	10	0
04b03_16.fnt	49	1	2	51	7	13	0	2	6	0
04b03_16.fnt	50	2	223	21	11	13	0	2	10	0
04b03_16.fnt	51	3	236	21	11	13	0	2	10	0
04b03_16.fnt	52	4	2	36	11	13	0	2	10	0
04b03_16.fnt	53	5	15	36	11	13	0	2	10	0
04b03_16.fnt	54	6	28	36	11	13	0	2	10	0
04b03_16.fnt	55	7	41	36	11	13	0	2	10	0
04b03_16.fnt	56	8	54	36	11	13	0	2	10	0
04b03_16.fnt	57	9	67	36	11	13	0	2	10	0
04b03_16.fnt	58	:	35	66	5	9	0	4	4	0
04b03_16.fnt	59	;	242	51	5	11	0	4	4	0
04b03_16.fnt	60	<	227	36	9	13	0	2	8	0
04b03_16.fnt	61	=	13	66	9	9	0	4	8	0
04b03_16.fnt	62	>	238	36	9	13	0	2	8	0
04b03_16.fnt	63	?	93	36	11	13	0	2	10	0
04b03_16.fnt	64	@	134	2	13	13	0	2	12	0
04b03_16.fnt	65	A	209	2	11	13	0	2	10	0
04b03_16.fnt	66	B	222	2	11	13	0	2	10	0
04b03_16.fnt	67	C	106	36	9	13	0	2	8	0
04b03_16.fnt	68	D	235	2	11	13	0	2	10	0
04b03_16.fnt	69	E	117	36	9	13	0	2	8	0
04b03_16.fnt	70	F	128	36	9	13	0	2	8	0
04b03_16.fnt	71	G	2	21	11	13	0	2	10	0
04b03_16.fnt	72	H	15	21	11	13	0	2	10	0
04b03_16.fnt	73	I	139	36	9	13	0	2	8	0
04b03_16.fnt	74	J	28	21	11	13	0	2	10	0
04b03_16.fnt	75	K	41	21	11	13	0	2	10	0
04b03_16.fnt	76	L	150	36	9	13	0	2	8	0
04b03_16.fnt	77	M	89	2	13	13	0	2	12	0
04b03_16.fnt	78	N	54	21	11	13	0	2	10	0
04b03_16.fnt	79	O	67	21	11	13	0	2	10	0
04b03_16.fnt	80	P	80	21	11	13	0	2	10	0
04b03_16.fnt	81	Q	11	2	11	15	0	2	10	0
04b03_16.fnt	82	R	93	21	11	13	0	2	10	0
04b03_16.fnt	83	S	106	21	11	13	0	2	10	0
04b03_16.fnt	84	T	161	36	9	13	0	2	8	0
04b03_16.fnt	85	U	119	21	11	13	0	2	10	0
04b03_16.fnt	86	V	132	21	11	13	0	2	10	0
04b03_16.fnt	87	W	104	2	13	13	0	2	12	0
04b03_16.fnt	88	X	145	21	11	13	0	2	10	0
04b03_16.fnt	89	Y	158	21	11	13	0	2	10	0
04b03_16.fnt	90	Z	172	36	9	13	0	2	8	0
04b03_16.fnt	91	[	29	51	7	13	0	2	6	0
04b03_16.fnt	92	\	149	2	13	13	0	2	12	0
04b03_16.fnt	93	]	38	51	7	13	0	2	6	0
04b03_16.fnt	94	^	66	66	9	7	0	2	8	0
04b03_16.fnt	95	_	102	66	11	5	0	10	10	0
04b03_16.fnt	96	`	77	66	7	7	0	2	6	0
04b03_16.fnt	97	a	105	51	11	11	0	4	10	0
04b03_16.fnt	98	b	171	21	11	13	0	2	10	0
04b03_16.fnt	99	c	209	51	9	11	0	4	8	0
04b03_16.fnt	100	d	184	21	11	13	0	2	10	0
04b03_16.fnt	101	e	118	51	11	11	0	4	10	0
04b03_16.fnt	102	f	183	36	9	13	0	2	8	0
04b03_16.fnt	103	g	24	2	11	15	0	4	10	0
04b03_16.fnt	104	h	197	21	11	13	0	2	10	0
04b03_16.fnt	105	i	47	51	5	13	0	2	4	0
04b03_16.fnt	106	j	2	2	7	17	0	2	6	0
04b03_16.fnt	107	k	210	21	11	13	0	2	10	0
04b03_16.fnt	108	l	54	51	5	13	0	2	4	0
04b03_16.fnt	109	m	75	51	13	11	0	4	12	0
04b03_16.fnt	110	n	131	51	11	11	0	4	10	0
04b03_16.fnt	111	o	144	51	11	11	0	4	10	0
04b03_16.fnt	112	p	37	2	11	15	0	4	10	0
04b03_16.fnt	113	q	50	2	11	15	0	4	10	0
04b03_16.fnt	114	r	220	51	9	11	0	4	8	0
04b03_16.fnt	115	s	157	51	11	11	0	4	10	0
04b03_16.fnt	116	t	194	36	9	13	0	2	8	0
04b03_16.fnt	117	u	170	51	11	11	0	4	10	0
04b03_16.fnt	118	v	183	51	11	11	0	4	10	0
04b03_16.fnt	119	w	90	51	13	11	0	4	12	0
04b03_16.fnt	120	x	231	51	9	11	0	4	8	0
04b03_16.fnt	121	y	63	2	11	15	0	4	10	0
04b03_16.fnt	122	z	196	51	11	11	0	4	10	0
04b03_16.fnt	123	{	205	36	9	13	0	2	8	0
04b03_16.fnt	124	|	68	51	5	13	0	2	4	0
04b03_16.fnt	125	}	216	36	9	13	0	2	8	0
04b03_16.fnt	126	~	42	66	11	7	0	2	10	0
04b03_16.fnt	163	£	179	66	13	13	0	1	12	0
04b03_16.fnt	165	¥	192	66	16	16	0	1	14	0
04b03_16.fnt	8364	€	208	66	16	16	0	1	14	0
04b03_16.fnt	8381		240	66	16	16	0	1	14	0
04b03_16.fnt	8747		224	66	16	16	0	1	14	0
04b03black_16.fnt	32	space	133	66	0	0	-112	132	8	0
04b03black_16.fnt	33	!	61	51	5	13	0	2	4	0
04b03black_16.fnt	34		55	66	9	7	0	2	8	0
04b03black_16.fnt	35	#	179	2	13	13	0	2	12	0
04b03black_16.fnt	36	$	76	2	11	15	0	2	10	0
04b03black_16.fnt	37	%	164	2	13	13	0	2	12	0
04b03black_16.fnt	38	&	194	2	13	13	0	2	12	0
04b03black_16.fnt	39	'	95	66	5	7	0	2	4	0
04b03black_16.fnt	40	(	11	51	7	13	0	2	6	0
04b03black_16.fnt	41	)	20	51	7	13	0	2	6	0
04b03black_16.fnt	42	*	24	66	9	9	0	2	8	0
04b03black_16.fnt	43	+	2	66	9	9	0	4	8	0
04b03black_16.fnt	44	,	86	66	7	7	0	10	6	0
04b03black_16.fnt	45	-	115	66	9	5	0	6	8	0
04b03black_16.fnt	46	.	126	66	5	5	0	10	4	0
04b03black_16.fnt	47	/	119	2	13	13	0	2	12	0
04b03black_16.fnt	48	0	80	36	11	13	0	2	10	0
04b03black_16.fnt	49	1	2	51	7	13	0	2	6	0
04b03black_16.fnt	50	2	223	21	11	13	0	2	10	0
04b03black_16.fnt	51	3	236	21	11	13	0	2	10	0
04b03black_16.fnt	52	4	2	36	11	13	0	2	10	0
04b03black_16.fnt	53	5	15	36	11	13	0	2	10	0
04b03black_16.fnt	54	6	28	36	11	13	0	2	10	0
04b03black_16.fnt	55	7	41	36	11	13	0	2	10	0
04b03black_16.fnt	56	8	54	36	11	13	0	2	10	0
04b03black_16.fnt	57	9	67	36	11	13	0	2	10	0
04b03black_16.fnt	58	:	35	66	5	9	0	4	4	0
04b03black_16.fnt	59	;	242	51	5	11	0	4	4	0
04b03black_16.fnt	60	<	227	36	9	13	0	2	8	0
04b03black_16.fnt	61	=	13	66	9	9	0	4	8	0
04b03black_16.fnt	62	>	238	36	9	13	0	2	8	0
04b03black_16.fnt	63	?	93	36	11	13	0	2	10	0
04b03black_16.fnt	64	@	134	2	13	13	0	2	12	0
04b03black_16.fnt	65	A	209	2	11	13	0	2	10	0
04b03black_16.fnt	66	B	222	2	11	13	0	2	10	0
04b03black_16.fnt	67	C	106	36	9	13	0	2	8	0
04b03black_16.fnt	68	D	235	2	11	13	0	2	10	0
04b03black_16.fnt	69	E	117	36	9	13	0	2	8	0
04b03black_16.fnt	70	F	128	36	9	13	0	2	8	0
04b03black_16.fnt	71	G	2	21	11	13	0	2	10	0
04b03black_16.fnt	72	H	15	21	11	13	0	2	10	0
04b03black_16.fnt	73	I	139	36	9	13	0	2	8	0
04b03black_16.fnt	74	J	28	21	11	13	0	2	10	0
04b03black_16.fnt	75	K	41	21	11	13	0	2	10	0
04b03black_16.fnt	76	L	150	36	9	13	0	2	8	0
04b03black_16.fnt	77	M	89	2	13	13	0	2	12	0
04b03black_16.fnt	78	N	54	21	11	13	0	2	10	0
04b03black_16.fnt	79	O	67	21	11	13	0	2	10	0
04b03black_16.fnt	80	P	80	21	11	13	0	2	10	0
04b03black_16.fnt	81	Q	11	2	11	15	0	2	10	0
04b03black_16.fnt	82	R	93	21	11	13	0	2	10	0
04b03black_16.fnt	83	S	106	21	11	13	0	2	10	0
04b03black_16.fnt	84	T	161	36	9	13	0	2	8	0
04b03black_16.fnt	85	U	119	21	11	13	0	2	10	0
04b03black_16.fnt	86	V	132	21	11	13	0	2	10	0
04b03black_16.fnt	87	W	104	2	13	13	0	2	12	0
04b03black_16.fnt	88	X	145	21	11	13	0	2	10	0
04b03black_16.fnt	89	Y	158	21	11	13	0	2	10	0
04b03black_16.fnt	90	Z	172	36	9	13	0	2	8	0
04b03black_16.fnt	91	[	29	51	7	13	0	2	6	0
04b03black_16.fnt	92	\	149	2	13	13	0	2	12	0
04b03black_16.fnt	93	]	38	51	7	13	0	2	6	0
04b03black_16.fnt	94	^	66	66	9	7	0	2	8	0
04b03black_16.fnt	95	_	102	66	11	5	0	10	10	0
04b03black_16.fnt	96	`	77	66	7	7	0	2	6	0
04b03black_16.fnt	97	a	105	51	11	11	0	4	10	0
04b03black_16.fnt	98	b	171	21	11	13	0	2	10	0
04b03black_16.fnt	99	c	209	51	9	11	0	4	8	0
04b03black_16.fnt	100	d	184	21	11	13	0	2	10	0
04b03black_16.fnt	101	e	118	51	11	11	0	4	10	0
04b03black_16.fnt	102	f	183	36	9	13	0	2	8	0
04b03black_16.fnt	103	g	24	2	11	15	0	4	10	0
04b03black_16.fnt	104	h	197	21	11	13	0	2	10	0
04b03black_16.fnt	105	i	47	51	5	13	0	2	4	0
04b03black_16.fnt	106	j	2	2	7	17	0	2	6	0
04b03black_16.fnt	107	k	210	21	11	13	0	2	10	0
04b03black_16.fnt	108	l	54	51	5	13	0	2	4	0
04b03black_16.fnt	109	m	75	51	13	11	0	4	12	0
04b03black_16.fnt	110	n	131	51	11	11	0	4	10	0
04b03black_16.fnt	111	o	144	51	11	11	0	4	10	0
04b03black_16.fnt	112	p	37	2	11	15	0	4	10	0
04b03black_16.fnt	113	q	50	2	11	15	0	4	10	0
04b03black_16.fnt	114	r	220	51	9	11	0	4	8	0
04b03black_16.fnt	115	s	157	51	11	11	0	4	10	0
04b03black_16.fnt	116	t	194	36	9	13	0	2	8	0
04b03black_16.fnt	117	u	170	51	11	11	0	4	10	0
04b03black_16.fnt	118	v	183	51	11	11	0	4	10	0
04b03black_16.fnt	119	w	90	51	13	11	0	4	12	0
04b03black_16.fnt	120	x	231	51	9	11	0	4	8	0
04b03black_16.fnt	121	y	63	2	11	15	0	4	10	0
04b03black_16.fnt	122	z	196	51	11	11	0	4	10	0
04b03black_16.fnt	123	{	205	36	9	13	0	2	8	0
04b03black_16.fnt	124	|	68	51	5	13	0	2	4	0
04b03black_16.fnt	125	}	216	36	9	13	0	2	8	0
04b03black_16.fnt	126	~	42	66	11	7	0	2	10	0
04b03black_16.fnt	163	£	179	66	13	13	0	1	12	0
04b03black_16.fnt	165	¥	192	66	16	16	0	1	14	0
04b03black_16.fnt	8364	€	208	66	16	16	0	1	14	0
04b03black_16.fnt	8381		240	66	16	16	0	1	14	0
04b03black_16.fnt	8747		224	66	16	16	0	1	14	0
04b03embossed_16.fnt	32	space	133	66	0	0	-112	132	8	0
04b03embossed_16.fnt	33	!	61	51	5	13	-3	-1	4	0
04b03embossed_16.fnt	34		55	66	9	7	-3	-1	8	0
04b03embossed_16.fnt	35	#	179	2	13	13	-3	-1	12	0
04b03embossed_16.fnt	36	$	76	2	11	15	-3	-1	10	0
04b03embossed_16.fnt	37	%	164	2	13	13	-3	-1	12	0
04b03embossed_16.fnt	38	&	194	2	13	13	-3	-1	12	0
04b03embossed_16.fnt	39	'	95	66	5	7	-3	-1	4	0
04b03embossed_16.fnt	40	(	11	51	7	13	-3	-1	6	0
04b03embossed_16.fnt	41	)	20	51	7	13	-3	-1	6	0
04b03embossed_16.fnt	42	*	24	66	9	9	-3	-1	8	0
04b03embossed_16.fnt	43	+	2	66	9	9	-3	1	8	0
04b03embossed_16.fnt	44	,	86	66	7	7	-3	7	6	0
04b03embossed_16.fnt	45	-	115	66	9	5	-3	3	8	0
04b03embossed_16.fnt	46	.	126	66	5	5	-3	7	4	0
04b03embossed_16.fnt	47	/	119	2	13	13	-3	-1	12	0
04b03embossed_16.fnt	48	0	80	36	11	13	-3	-1	10	0
04b03embossed_16.fnt	49	1	2	51	7	13	-3	-1	6	0
04b03embossed_16.fnt	50	2	223	21	11	13	-3	-1	10	0
04b03embossed_16.fnt	51	3	236	21	11	13	-3	-1	10	0
04b03embossed_16.fnt	52	4	2	36	11	13	-3	-1	10	0
04b03embossed_16.fnt	53	5	15	36	11	13	-3	-1	10	0
04b03embossed_16.fnt	54	6	28	36	11	13	-3	-1	10	0
04b03embossed_16.fnt	55	7	41	36	11	13	-3	-1	10	0
04b03embossed_16.fnt	56	8	54	36	11	13	-3	-1	10	0
04b03embossed_16.fnt	57	9	67	36	11	13	-3	-1	10	0
04b03embossed_16.fnt	58	:	35	66	5	9	-3	1	4	0
04b03embossed_16.fnt	59	;	242	51	5	11	-3	1	4	0
04b03embossed_16.fnt	60	<	227	36	9	13	-3	-1	8	0
04b03embossed_16.fnt	61	=	13	66	9	9	-3	1	8	0
04b03embossed_16.fnt	62	>	238	36	9	13	-3	-1	8	0
04b03embossed_16.fnt	63	?	93	36	11	13	-3	-1	10	0
04b03embossed_16.fnt	64	@	134	2	13	13	-3	-1	12	0
04b03embossed_16.fnt	65	A	209	2	11	13	-3	-1	10	0
04b03embossed_16.fnt	66	B	222	2	11	13	-3	-1	10	0
04b03embossed_16.fnt	67	C	106	36	9	13	-3	-1	8	0
04b03embossed_16.fnt	68	D	235	2	11	13	-3	-1	10	0
04b03embossed_16.fnt	69	E	117	36	9	13	-3	-1	8	0
04b03embossed_16.fnt	70	F	128	36	9	13	-3	-1	8	0
04b03embossed_16.fnt	71	G	2	21	11	13	-3	-1	10	0
04b03embossed_16.fnt	72	H	15	21	11	13	-3	-1	10	0
04b03embossed_16.fnt	73	I	139	36	9	13	-3	-1	8	0
04b03embossed_16.fnt	74	J	28	21	11	13	-3	-1	10	0
04b03embossed_16.fnt	75	K	41	21	11	13	-3	-1	10	0
04b03embossed_16.fnt	76	L	150	36	9	13	-3	-1	8	0
04b03embossed_16.fnt	77	M	89	2	13	13	-3	-1	12	0
04b03embossed_16.fnt	78	N	54	21	11	13	-3	-1	10	0
04b03embossed_16.fnt	79	O	67	21	11	13	-3	-1	10	0
04b03embossed_16.fnt	80	P	80	21	11	13	-3	-1	10	0
04b03embossed_16.fnt	81	Q	11	2	11	15	-3	-1	10	0
04b03embossed_16.fnt	82	R	93	21	11	13	-3	-1	10	0
04b03embossed_16.fnt	83	S	106	21	11	13	-3	-1	10	0
04b03embossed_16.fnt	84	T	161	36	9	13	-3	-1	8	0
04b03embossed_16.fnt	85	U	119	21	11	13	-3	-1	10	0
04b03embossed_16.fnt	86	V	132	21	11	13	-3	-1	10	0
04b03embossed_16.fnt	87	W	104	2	13	13	-3	-1	12	0
04b03embossed_16.fnt	88	X	145	21	11	13	-3	-1	10	0
04b03embossed_16.fnt	89	Y	158	21	11	13	-3	-1	10	0
04b03embossed_16.fnt	90	Z	172	36	9	13	-3	-1	8	0
04b03embossed_16.fnt	91	[	29	51	7	13	-3	-1	6	0
04b03embossed_16.fnt	92	\	149	2	13	13	-3	-1	12	0
04b03embossed_16.fnt	93	]	38	51	7	13	-3	-1	6	0
04b03embossed_16.fnt	94	^	66	66	9	7	-3	-1	8	0
04b03embossed_16.fnt	95	_	102	66	11	5	-3	7	10	0
04b03embossed_16.fnt	96	`	77	66	7	7	-3	-1	6	0
04b03embossed_16.fnt	97	a	105	51	11	11	-3	1	10	0
04b03embossed_16.fnt	98	b	171	21	11	13	-3	-1	10	0
04b03embossed_16.fnt	99	c	209	51	9	11	-3	1	8	0
04b03embossed_16.fnt	100	d	184	21	11	13	-3	-1	10	0
04b03embossed_16.fnt	101	e	118	51	11	11	-3	1	10	0
04b03embossed_16.fnt	102	f	183	36	9	13	-3	-1	8	0
04b03embossed_16.fnt	103	g	24	2	11	15	-3	1	10	0
04b03embossed_16.fnt	104	h	197	21	11	13	-3	-1	10	0
04b03embossed_16.fnt	105	i	47	51	5	13	-3	-1	4	0
04b03embossed_16.fnt	106	j	2	2	7	17	-3	-1	6	0
04b03embossed_16.fnt	107	k	210	21	11	13	-3	-1	10	0
04b03embossed_16.fnt	108	l	54	51	5	13	-3	-1	4	0
04b03embossed_16.fnt	109	m	75	51	13	11	-3	1	12	0
04b03embossed_16.fnt	110	n	131	51	11	11	-3	1	10	0
04b03embossed_16.fnt	111	o	144	51	11	11	-3	1	10	0
04b03embossed_16.fnt	112	p	37	2	11	15	-3	1	10	0
04b03embossed_16.fnt	113	q	50	2	11	15	-3	1	10	0
04b03embossed_16.fnt	114	r	220	51	9	11	-3	1	8	0
04b03embossed_16.fnt	115	s	157	51	11	11	-3	1	10	0
04b03embossed_16.fnt	116	t	194	36	9	13	-3	-1	8	0
04b03embossed_16.fnt	117	u	170	51	11	11	-3	1	10	0
04b03embossed_16.fnt	118	v	183	51	11	11	-3	1	10	0
04b03embossed_16.fnt	119	w	90	51	13	11	-3	1	12	0
04b03embossed_16.fnt	120	x	231	51	9	11	-3	1	8	0
04b03embossed_16.fnt	121	y	63	2	11	15	-3	1	10	0
04b03embossed_16.fnt	122	z	196	51	11	11	-3	1	10	0
04b03embossed_16.fnt	123	{	205	36	9	13	-3	-1	8	0
04b03embossed_16.fnt	124	|	68	51	5	13	-3	-1	4	0
04b03embossed_16.fnt	125	}	216	36	9	13	-3	-1	8	0
04b03embossed_16.fnt	126	~	42	66	11	7	-3	-1	10	0
04b03embossed_16.fnt	163	£	179	66	13	13	0	1	12	0
04b03embossed_16.fnt	165	¥	192	66	16	16	0	1	14	0
04b03embossed_16.fnt	8364	€	208	66	16	16	0	1	14	0
04b03embossed_16.fnt	8381		240	66	16	16	0	1	14	0
04b03embossed_16.fnt	8747		224	66	16	16	0	1	14	0
Blockheads_64.fnt	32	space	60	435	0	0	0	57	32	0
Blockheads_64.fnt	33	!	480	284	19	51	0	6	16	0
Blockheads_64.fnt	34		359	390	35	27	0	6	32	0
Blockheads_64.fnt	35	#	31	71	51	51	0	6	48	0
Blockheads_64.fnt	36	$	83	2	43	59	0	2	38	0
Blockheads_64.fnt	37	%	395	71	43	51	0	6	38	0
Blockheads_64.fnt	38	&	84	71	51	51	0	6	48	0
Blockheads_64.fnt	39	'	396	390	19	27	0	6	16	0
Blockheads_64.fnt	40	(	335	284	27	51	0	6	24	0
Blockheads_64.fnt	41	)	364	284	27	51	0	6	24	0
Blockheads_64.fnt	42	*	199	390	35	35	0	6	32	0
Blockheads_64.fnt	43	+	236	390	35	35	0	14	32	0
Blockheads_64.fnt	44	,	331	390	26	29	0	37	22	0
Blockheads_64.fnt	45	-	2	435	35	19	0	22	32	0
Blockheads_64.fnt	46	.	39	435	19	19	0	38	16	0
Blockheads_64.fnt	47	/	440	71	43	51	0	6	40	0
Blockheads_64.fnt	48	0	2	125	43	51	0	6	40	0
Blockheads_64.fnt	49	1	393	284	27	51	0	6	24	0
Blockheads_64.fnt	50	2	47	125	43	51	0	6	38	0
Blockheads_64.fnt	51	3	92	125	43	51	0	6	40	0
Blockheads_64.fnt	52	4	137	125	43	51	0	6	40	0
Blockheads_64.fnt	53	5	182	125	43	51	0	6	40	0
Blockheads_64.fnt	54	6	227	125	43	51	0	6	38	0
Blockheads_64.fnt	55	7	272	125	43	51	0	6	40	0
Blockheads_64.fnt	56	8	317	125	43	51	0	6	40	0
Blockheads_64.fnt	57	9	362	125	43	51	0	6	38	0
Blockheads_64.fnt	58	:	310	390	19	35	0	14	16	0
Blockheads_64.fnt	59	;	2	71	27	52	0	14	24	0
Blockheads_64.fnt	60	<	362	231	35	51	0	6	32	0
Blockheads_64.fnt	61	=	273	390	35	35	0	14	32	0
Blockheads_64.fnt	62	>	399	231	35	51	0	6	32	0
Blockheads_64.fnt	63	?	407	125	43	51	0	6	38	0
Blockheads_64.fnt	64	@	137	71	51	51	0	6	38	0
Blockheads_64.fnt	65	A	452	125	43	51	0	6	40	0
Blockheads_64.fnt	66	B	2	178	43	51	0	6	40	0
Blockheads_64.fnt	67	C	436	231	35	51	0	6	32	0
Blockheads_64.fnt	68	D	47	178	43	51	0	6	40	0
Blockheads_64.fnt	69	E	473	231	35	51	0	6	32	0
Blockheads_64.fnt	70	F	2	284	35	51	0	6	32	0
Blockheads_64.fnt	71	G	92	178	43	51	0	6	40	0
Blockheads_64.fnt	72	H	137	178	43	51	0	6	40	0
Blockheads_64.fnt	73	I	39	284	35	51	0	6	32	0
Blockheads_64.fnt	74	J	182	178	43	51	0	6	40	0
Blockheads_64.fnt	75	K	227	178	43	51	0	6	40	0
Blockheads_64.fnt	76	L	76	284	35	51	0	6	32	0
Blockheads_64.fnt	77	M	190	71	51	51	0	6	48	0
Blockheads_64.fnt	78	N	272	178	43	51	0	6	40	0
Blockheads_64.fnt	79	O	317	178	43	51	0	6	40	0
Blockheads_64.fnt	80	P	362	178	43	51	0	6	40	0
Blockheads_64.fnt	81	Q	443	2	43	54	0	6	40	0
Blockheads_64.fnt	82	R	407	178	43	51	0	6	40	0
Blockheads_64.fnt	83	S	452	178	43	51	0	6	40	0
Blockheads_64.fnt	84	T	113	284	35	51	0	6	32	0
Blockheads_64.fnt	85	U	2	231	43	51	0	6	40	0
Blockheads_64.fnt	86	V	349	71	44	51	0	6	40	0
Blockheads_64.fnt	87	W	243	71	51	51	0	6	48	0
Blockheads_64.fnt	88	X	47	231	43	51	0	6	40	0
Blockheads_64.fnt	89	Y	92	231	43	51	0	6	40	0
Blockheads_64.fnt	90	Z	150	284	35	51	0	6	32	0
Blockheads_64.fnt	91	[	422	284	27	51	0	6	24	0
Blockheads_64.fnt	92	\	137	231	43	51	0	6	40	0
Blockheads_64.fnt	93	]	451	284	27	51	0	6	24	0
Blockheads_64.fnt	94	^	65	337	45	45	3	0	40	0
Blockheads_64.fnt	95	_	445	390	43	19	0	38	40	0
Blockheads_64.fnt	96	`	417	390	26	22	12	-5	39	0
Blockheads_64.fnt	97	a	218	337	43	43	0	14	40	0
Blockheads_64.fnt	98	b	182	231	43	51	0	6	40	0
Blockheads_64.fnt	99	c	88	390	35	43	0	14	32	0
Blockheads_64.fnt	100	d	227	231	43	51	0	6	40	0
Blockheads_64.fnt	101	e	263	337	43	43	0	14	40	0
Blockheads_64.fnt	102	f	187	284	35	51	0	6	32	0
Blockheads_64.fnt	103	g	128	2	43	59	0	14	40	0
Blockheads_64.fnt	104	h	272	231	43	51	0	6	40	0
Blockheads_64.fnt	105	i	2	337	19	51	0	6	16	0
Blockheads_64.fnt	106	j	2	2	27	67	0	6	24	0
Blockheads_64.fnt	107	k	317	231	43	51	0	6	40	0
Blockheads_64.fnt	108	l	23	337	19	51	0	6	16	0
Blockheads_64.fnt	109	m	112	337	51	43	0	14	48	0
Blockheads_64.fnt	110	n	308	337	43	43	0	14	40	0
Blockheads_64.fnt	111	o	353	337	43	43	0	14	40	0
Blockheads_64.fnt	112	p	173	2	43	59	0	14	40	0
Blockheads_64.fnt	113	q	218	2	43	59	0	14	40	0
Blockheads_64.fnt	114	r	125	390	35	43	0	14	32	0
Blockheads_64.fnt	115	s	398	337	43	43	0	14	40	0
Blockheads_64.fnt	116	t	224	284	35	51	0	6	32	0
Blockheads_64.fnt	117	u	47	390	39	43	0	14	36	0
Blockheads_64.fnt	118	v	443	337	43	43	0	14	40	0
Blockheads_64.fnt	119	w	165	337	51	43	0	14	48	0
Blockheads_64.fnt	120	x	2	390	43	43	0	14	40	0
Blockheads_64.fnt	121	y	263	2	43	59	0	14	40	0
Blockheads_64.fnt	122	z	162	390	35	43	0	14	32	0
Blockheads_64.fnt	123	{	261	284	35	51	0	6	32	0
Blockheads_64.fnt	124	|	44	337	19	51	0	6	16	0
Blockheads_64.fnt	125	}	298	284	35	51	0	6	32	0
Blockheads_64.fnt	163	£	200	443	52	52	0	4	48	0
Blockheads_64.fnt	165	¥	252	443	64	64	0	4	56	0
Blockheads_64.fnt	8364	€	316	443	64	64	0	4	56	0
Blockheads_64.fnt	8381	₽	444	443	64	64	0	4	56	0
Blockheads_64.fnt	8747	∫	380	443	64	64	0	4	56	0
Blockheads_64.fnt	8987	⌛	127	443	64	64	0	4	56	0
Blockheadsblack_64.fnt	32	space	60	435	0	0	0	57	32	0
Blockheadsblack_64.fnt	33	!	480	284	19	51	0	6	16	0
Blockheadsblack_64.fnt	34		359	390	35	27	0	6	32	0
Blockheadsblack_64.fnt	35	#	31	71	51	51	0	6	48	0
Blockheadsblack_64.fnt	36	$	83	2	43	59	0	2	38	0
Blockheadsblack_64.fnt	37	%	395	71	43	51	0	6	38	0
Blockheadsblack_64.fnt	38	&	84	71	51	51	0	6	48	0
Blockheadsblack_64.fnt	39	'	396	390	19	27	0	6	16	0
Blockheadsblack_64.fnt	40	(	335	284	27	51	0	6	24	0
Blockheadsblack_64.fnt	41	)	364	284	27	51	0	6	24	0
Blockheadsblack_64.fnt	42	*	199	390	35	35	0	6	32	0
Blockheadsblack_64.fnt	43	+	236	390	35	35	0	14	32	0
Blockheadsblack_64.fnt	44	,	331	390	26	29	0	37	22	0
Blockheadsblack_64.fnt	45	-	2	435	35	19	0	22	32	0
Blockheadsblack_64.fnt	46	.	39	435	19	19	0	38	16	0
Blockheadsblack_64.fnt	47	/	440	71	43	51	0	6	40	0
Blockheadsblack_64.fnt	48	0	2	125	43	51	0	6	40	0
Blockheadsblack_64.fnt	49	1	393	284	27	51	0	6	24	0
Blockheadsblack_64.fnt	50	2	47	125	43	51	0	6	38	0
Blockheadsblack_64.fnt	51	3	92	125	43	51	0	6	40	0
Blockheadsblack_64.fnt	52	4	137	125	43	51	0	6	40	0
Blockheadsblack_64.fnt	53	5	182	125	43	51	0	6	40	0
Blockheadsblack_64.fnt	54	6	227	125	43	51	0	6	38	0
Blockheadsblack_64.fnt	55	7	272	125	43	51	0	6	40	0
Blockheadsblack_64.fnt	56	8	317	125	43	51	0	6	40	0
Blockheadsblack_64.fnt	57	9	362	125	43	51	0	6	38	0
Blockheadsblack_64.fnt	58	:	310	390	19	35	0	14	16	0
Blockheadsblack_64.fnt	59	;	2	71	27	52	0	14	24	0
Blockheadsblack_64.fnt	60	<	362	231	35	51	0	6	32	0
Blockheadsblack_64.fnt	61	=	273	390	35	35	0	14	32	0
Blockheadsblack_64.fnt	62	>	399	231	35	51	0	6	32	0
Blockheadsblack_64.fnt	63	?	407	125	43	51	0	6	38	0
Blockheadsblack_64.fnt	64	@	137	71	51	51	0	6	38	0
Blockheadsblack_64.fnt	65	A	452	125	43	51	0	6	40	0
Blockheadsblack_64.fnt	66	B	2	178	43	51	0	6	40	0
Blockheadsblack_64.fnt	67	C	436	231	35	51	0	6	32	0
Blockheadsblack_64.fnt	68	D	47	178	43	51	0	6	40	0
Blockheadsblack_64.fnt	69	E	473	231	35	51	0	6	32	0
Blockheadsblack_64.fnt	70	F	2	284	35	51	0	6	32	0
Blockheadsblack_64.fnt	71	G	92	178	43	51	0	6	40	0
Blockheadsblack_64.fnt	72	H	137	178	43	51	0	6	40	0
Blockheadsblack_64.fnt	73	I	39	284	35	51	0	6	32	0
Blockheadsblack_64.fnt	74	J	182	178	43	51	0	6	40	0
Blockheadsblack_64.fnt	75	K	227	178	43	51	0	6	40	0
Blockheadsblack_64.fnt	76	L	76	284	35	51	0	6	32	0
Blockheadsblack_64.fnt	77	M	190	71	51	51	0	6	48	0
Blockheadsblack_64.fnt	78	N	272	178	43	51	0	6	40	0
Blockheadsblack_64.fnt	79	O	317	178	43	51	0	6	40	0
Blockheadsblack_64.fnt	80	P	362	178	43	51	0	6	40	0
Blockheadsblack_64.fnt	81	Q	443	2	43	54	0	6	40	0
Blockheadsblack_64.fnt	82	R	407	178	43	51	0	6	40	0
Blockheadsblack_64.fnt	83	S	452	178	43	51	0	6	40	0
Blockheadsblack_64.fnt	84	T	113	284	35	51	0	6	32	0
Blockheadsblack_64.fnt	85	U	2	231	43	51	0	6	40	0
Blockheadsblack_64.fnt	86	V	349	71	44	51	0	6	40	0
Blockheadsblack_64.fnt	87	W	243	71	51	51	0	6	48	0
Blockheadsblack_64.fnt	88	X	47	231	43	51	0	6	40	0
Blockheadsblack_64.fnt	89	Y	92	231	43	51	0	6	40	0
Blockheadsblack_64.fnt	90	Z	150	284	35	51	0	6	32	0
Blockheadsblack_64.fnt	91	[	422	284	27	51	0	6	24	0
Blockheadsblack_64.fnt	92	\	137	231	43	51	0	6	40	0
Blockheadsblack_64.fnt	93	]	451	284	27	51	0	6	24	0
Blockheadsblack_64.fnt	94	^	65	337	45	45	3	0	40	0
Blockheadsblack_64.fnt	95	_	445	390	43	19	0	38	40	0
Blockheadsblack_64.fnt	96	`	417	390	26	22	12	-5	39	0
Blockheadsblack_64.fnt	97	a	218	337	43	43	0	14	40	0
Blockheadsblack_64.fnt	98	b	182	231	43	51	0	6	40	0
Blockheadsblack_64.fnt	99	c	88	390	35	43	0	14	32	0
Blockheadsblack_64.fnt	100	d	227	231	43	51	0	6	40	0
Blockheadsblack_64.fnt	101	e	263	337	43	43	0	14	40	0
Blockheadsblack_64.fnt	102	f	187	284	35	51	0	6	32	0
Blockheadsblack_64.fnt	103	g	128	2	43	59	0	14	40	0
Blockheadsblack_64.fnt	104	h	272	231	43	51	0	6	40	0
Blockheadsblack_64.fnt	105	i	2	337	19	51	0	6	16	0
Blockheadsblack_64.fnt	106	j	2	2	27	67	0	6	24	0
Blockheadsblack_64.fnt	107	k	317	231	43	51	0	6	40	0
Blockheadsblack_64.fnt	108	l	23	337	19	51	0	6	16	0
Blockheadsblack_64.fnt	109	m	112	337	51	43	0	14	48	0
Blockheadsblack_64.fnt	110	n	308	337	43	43	0	14	40	0
Blockheadsblack_64.fnt	111	o	353	337	43	43	0	14	40	0
Blockheadsblack_64.fnt	112	p	173	2	43	59	0	14	40	0
Blockheadsblack_64.fnt	113	q	218	2	43	59	0	14	40	0
Blockheadsblack_64.fnt	114	r	125	390	35	43	0	14	32	0
Blockheadsblack_64.fnt	115	s	398	337	43	43	0	14	40	0
Blockheadsblack_64.fnt	116	t	224	284	35	51	0	6	32	0
Blockheadsblack_64.fnt	117	u	47	390	39	43	0	14	36	0
Blockheadsblack_64.fnt	118	v	443	337	43	43	0	14	40	0
Blockheadsblack_64.fnt	119	w	165	337	51	43	0	14	48	0
Blockheadsblack_64.fnt	120	x	2	390	43	43	0	14	40	0
Blockheadsblack_64.fnt	121	y	263	2	43	59	0	14	40	0
Blockheadsblack_64.fnt	122	z	162	390	35	43	0	14	32	0
Blockheadsblack_64.fnt	123	{	261	284	35	51	0	6	32	0
Blockheadsblack_64.fnt	124	|	44	337	19	51	0	6	16	0
Blockheadsblack_64.fnt	125	}	298	284	35	51	0	6	32	0
Blockheadsblack_64.fnt	163	£	200	443	52	52	0	4	48	0
Blockheadsblack_64.fnt	165	¥	252	443	64	64	0	4	56	0
Blockheadsblack_64.fnt	8364	€	316	443	64	64	0	4	56	0
Blockheadsblack_64.fnt	8381	₽	444	443	64	64	0	4	56	0
Blockheadsblack_64.fnt	8747	∫	380	443	64	64	0	4	56	0
Blockheadsblack_64.fnt	8987	⌛	127	443	64	64	0	4	56	0
