kind	token	descriptor_va	extra
group_key	grp.amethyst	0xe2ede4	next=grp.diamond
group_key	grp.amethyst_chandelier	0xe2ede4	next=grp.sapphire_chandelier
group_key	grp.amethyst_pickax	0xf9b7bc	next=None
group_key	grp.amethyst_pickaxe	0xe2ede4	next=grp.sapphire_pickaxe
group_key	grp.amethyst_portal	0xe2ede4	next=grp.sapphire_portal
group_key	grp.armor	0xe2ede4	next=grp.carbon_armor
group_key	grp.baby_	0xfa19ac	next=None
group_key	grp.baby_shark	0xe2ede4	next=grp.campfire
group_key	grp.basalt	0xe2ede4	next=place.wav
group_key	grp.bed	0xe2ede4	next=grp.golden_bed
group_key	grp.boat	0xe2ede4	next=yawnMale.wav
group_key	grp.bottom	0xe2ede4	next=grp.top
group_key	grp.bow	0xe2ede4	next=jet.wav
group_key	grp.bronze	0xe2ede4	next=grp.iron
group_key	grp.c	0xfa1bfc	next=None
group_key	grp.campfire	0xe2ede4	next=grp.solar
group_key	grp.carbon_armor	0xe2ede4	next=grp.mj.jetpack
group_key	grp.chef	0xe2ede4	next=grp.pig_iron
group_key	grp.chilli	0xe2ede4	next=drink.wav
group_key	grp.circumna	0xf7aa2c	next=None
group_key	grp.circumnavigate	0xe2ede4	next=Blockhead named %@ owned by player %@ was harmed by player %@.
group_key	grp.clothing	0xe2ede4	next=grp.tin_foil_hat
group_key	grp.coffee	0xe2ede4	next=grp.chilli
group_key	grp.compost	0xe2ede4	next=sword.wav
group_key	grp.d	0xfa186c	next=None
group_key	grp.death	0xe2ede4	next=injured
group_key	grp.decorator	0xe2ede4	next=razor.wav
group_key	grp.dia	0xf9b7dc	next=None
group_key	grp.diamond	0xe2ede4	next=grp.diamond_tree
group_key	grp.diamond_chandelier	0xe2ede4	next=grp.chef
group_key	grp.diamond_pickaxe	0xe2ede4	next=grp.gold_pickaxe
group_key	grp.diamond_portal	0xe2ede4	next=numberOfCraftableItems
group_key	grp.diamond_tree	0xe2ede4	next=womanOuch.wav
group_key	grp.donkey	0xe2ede4	next=grp.boat
group_key	grp.dye	0xe2ede4	next=grp.amethyst_chandelier
group_key	grp.e	0xfa1acc	next=None
group_key	grp.elevator_mj	0xe2ede4	next=%@ in a fall
group_key	grp.emerald	0xe2ede4	next=grp.sapphire
group_key	grp.emerald_chandelier	0xe2ede4	next=grp.ruby_chandelier
group_key	grp.emerald_pickaxe	0xe2ede4	next=grp.ruby_pickaxe
group_key	grp.emerald_portal	0xe2ede4	next=grp.ruby_portal
group_key	grp.fi	0xf7a7cc	next=None
group_key	grp.fifth_blockhe	0xf7a7dc	next=None
group_key	grp.fifth_blockhead	0xe2ede4	next=grp.sluice
group_key	grp.fishing	0xe2ede4	next=fishReelIn.wav
group_key	grp.forth_block	0xf7a7bc	next=None
group_key	grp.forth_blockhead	0xe2ede4	next=grp.fifth_blockhead
group_key	grp.g	0xfa17ac	next=None
group_key	grp.gold_	0xf9b82c	next=None
group_key	grp.gold_builder	0xe2ede4	next=grp.jaws
group_key	grp.gold_pickaxe	0xe2ede4	next=grp.dye
group_key	grp.golden_bed	0xe2ede4	next=grp.treasure
group_key	grp.gree	0xfa1a4c	next=None
group_key	grp.greenfingers	0xe2ede4	next=grp.tulip
group_key	grp.handcar	0xe2ede4	next=backgroundSelectedTexture
group_key	grp.hat	0xe2ede4	next=grp.clothing
group_key	grp.iron	0xe2ede4	next=grp.steel
group_key	grp.jaw	0xfa19ec	next=None
group_key	grp.jaws	0xe2ede4	next=grp.steel_block
group_key	grp.lantern	0xe2ede4	next=grp.gold_builder
group_key	grp.lime	0xe2ede4	next=grp.mine
group_key	grp.locomotive	0xe2ede4	next=Tc,VneedsToUpdateChoiceUI
group_key	grp.magn	0xfa192c	next=None
group_key	grp.magnet	0xe2ede4	next=magnet.wav
group_key	grp.mine	0xe2ede4	next=grp.basalt
group_key	grp.mj.jetpack	0xe2ede4	next=Error: trying to drop more than I have
group_key	grp.mj.platinum	0xe2ede4	next=toolBreak.wav
group_key	grp.mountaineer	0xe2ede4	next=sighMale.wav
group_key	grp.north	0xfa174c	next=None
group_key	grp.northpole	0xe2ede4	next=grp.sunrise
group_key	grp.painti	0xfa19fc	next=None
group_key	grp.painting	0xe2ede4	next=grp.spotlight
group_key	grp.passen	0xf9173c	next=None
group_key	grp.passenger	0xe2ede4	next=http://
group_key	grp.phot	0xf7a9ec	next=None
group_key	grp.photo	0xe2ede4	next=%@_%@
group_key	grp.pig_iron	0xe2ede4	next=electricFurnace.wav
group_key	grp.po	0xfa1aac	next=None
group_key	grp.poison	0xe2ede4	next=grp.bow
group_key	grp.portal_chest	0xe2ede4	next=ownershipFade.png
group_key	grp.pyro	0xe2ede4	next=grp.greenfingers
group_key	grp.ruby	0xe2ede4	next=grp.emerald
group_key	grp.ruby_chandelier	0xe2ede4	next=grp.diamond_chandelier
group_key	grp.ruby_pickaxe	0xe2ede4	next=grp.diamond_pickaxe
group_key	grp.ruby_portal	0xe2ede4	next=grp.diamond_portal
group_key	grp.sapphir	0xf9b83c	next=None
group_key	grp.sapphire	0xe2ede4	next=grp.amethyst
group_key	grp.sapphire_chandelier	0xe2ede4	next=grp.emerald_chandelier
group_key	grp.sapphire_pickaxe	0xe2ede4	next=grp.emerald_pickaxe
group_key	grp.sapphire_portal	0xe2ede4	next=grp.emerald_portal
group_key	grp.scor	0xfa1a9c	next=None
group_key	grp.scorpion	0xe2ede4	next=bow.wav
group_key	grp.second	0xf7a78c	next=None
group_key	grp.second_blockhead	0xe2ede4	next=grp.third_blockhead
group_key	grp.shelf	0xe2ede4	next=CABINET
group_key	grp.sign	0xe2ede4	next=grp.lantern
group_key	grp.sluice	0xe2ede4	next=interactionObject
group_key	grp.solar	0xe2ede4	next=grp.sign
group_key	grp.sou	0xfa175c	next=None
group_key	grp.southpole	0xe2ede4	next=grp.sunset
group_key	grp.spotlig	0xfa1a0c	next=None
group_key	grp.spotlight	0xe2ede4	next=craftWorkbench.wav
group_key	grp.stai	0xfa191c	next=None
group_key	grp.staircase	0xe2ede4	next=grp.magnet
group_key	grp.steel	0xe2ede4	next=grp.amethyst_pickaxe
group_key	grp.steel_block	0xe2ede4	next=grp.painting
group_key	grp.sunrise	0xe2ede4	next=grp.southpole
group_key	grp.sunset	0xe2ede4	next=grp.bottom
group_key	grp.third_blockhead	0xe2ede4	next=grp.forth_blockhead
group_key	grp.tin_foil_hat	0xe2ede4	next=grp.armor
group_key	grp.titanium	0xe2ede4	next=grp.mj.platinum
group_key	grp.top	0xe2ede4	next=grp.mountaineer
group_key	grp.trade	0xe2ede4	next=Error trying to subtract items to sell.
group_key	grp.treasure	0xe2ede4	next=grp.donkey
group_key	grp.troll	0xe2ede4	next=grp.scorpion
group_key	grp.tulip	0xe2ede4	next=grp.compost
group_key	grp.tycoon	0xe2ede4	next=%@ (%@)
audio_name	axe.wav	0xe2ede4	shipped=True
audio_name	babyUnicorn.wav	0xe2ede4	shipped=True
audio_name	bird%d.wav	0xe2ede4	shipped=False
audio_name	blockheadDie.wav	0xe2ede4	shipped=True
audio_name	bow.wav	0xe2ede4	shipped=True
audio_name	buzz1.wav	0xe2ede4	shipped=True
audio_name	camera.wav	0xe2ede4	shipped=True
audio_name	chatMessage.wav	0xe2ede4	shipped=True
audio_name	chimeUpgrade.wav	0xe2ede4	shipped=True
audio_name	click.wav	0xe2ede4	shipped=True
audio_name	clickDown.wav	0xe2ede4	shipped=True
audio_name	cluck.wav	0xe2ede4	shipped=True
audio_name	craftCreate.wav	0xe2ede4	shipped=True
audio_name	craftTool.wav	0xe2ede4	shipped=True
audio_name	craftWood.wav	0xe2ede4	shipped=True
audio_name	craftWorkbench.wav	0xe2ede4	shipped=True
audio_name	crickets1.wav	0xe2ede4	shipped=True
audio_name	crickets2.wav	0xe2ede4	shipped=True
audio_name	crunch.wav	0xe2ede4	shipped=True
audio_name	die.wav	0xe2ede4	shipped=True
audio_name	dig.wav	0xe2ede4	shipped=True
audio_name	dodo2.wav	0xe2ede4	shipped=True
audio_name	dodoCluck1.wav	0xe2ede4	shipped=True
audio_name	dodoCluck2.wav	0xe2ede4	shipped=True
audio_name	dodoCluck3.wav	0xe2ede4	shipped=True
audio_name	dodoCluck4.wav	0xe2ede4	shipped=True
audio_name	dodoDie.wav	0xe2ede4	shipped=True
audio_name	dodoTame.wav	0xe2ede4	shipped=True
audio_name	donkeyEee.wav	0xe2ede4	shipped=True
audio_name	donkeyEeeLittle.wav	0xe2ede4	shipped=True
audio_name	donkeySnort.wav	0xe2ede4	shipped=True
audio_name	doorClose.wav	0xe2ede4	shipped=True
audio_name	doorOpen.wav	0xe2ede4	shipped=True
audio_name	drink.wav	0xe2ede4	shipped=True
audio_name	drop.wav	0xe2ede4	shipped=True
audio_name	dropbear.wav	0xe2ede4	shipped=True
audio_name	dropbeardrop.wav	0xe2ede4	shipped=True
audio_name	eggExtractor.wav	0xe2ede4	shipped=True
audio_name	eggLay.wav	0xe2ede4	shipped=True
audio_name	electricFurnace.wav	0xe2ede4	shipped=True
audio_name	electricMetalwork.wav	0xe2ede4	shipped=True
audio_name	elevatorBell.wav	0xe2ede4	shipped=True
audio_name	elevatorDoor.wav	0xe2ede4	shipped=True
audio_name	fanfare.wav	0xe2ede4	shipped=True
audio_name	fire.wav	0xe2ede4	shipped=True
audio_name	fireLoop.wav	0xe2ede4	shipped=True
audio_name	fireLoopLow.wav	0xe2ede4	shipped=True
audio_name	fireShort.wav	0xe2ede4	shipped=True
audio_name	fishCast.wav	0xe2ede4	shipped=True
audio_name	fishDie.wav	0xe2ede4	shipped=True
audio_name	fishReelIn.wav	0xe2ede4	shipped=True
audio_name	fishRun.wav	0xe2ede4	shipped=True
audio_name	freeblockLavaHiss.wav	0xe2ede4	shipped=True
audio_name	furnace.wav	0xe2ede4	shipped=True
audio_name	gateClose.wav	0xe2ede4	shipped=True
audio_name	gateOpen.wav	0xe2ede4	shipped=True
audio_name	glassSmash.wav	0xe2ede4	shipped=True
audio_name	hatch.wav	0xe2ede4	shipped=True
audio_name	ice.wav	0xe2ede4	shipped=True
audio_name	ironDoorClose.wav	0xe2ede4	shipped=True
audio_name	ironDoorOpen.wav	0xe2ede4	shipped=True
audio_name	jaws.wav	0xe2ede4	shipped=True
audio_name	jet.wav	0xe2ede4	shipped=True
audio_name	leaves.wav	0xe2ede4	shipped=True
audio_name	littlePop.wav	0xe2ede4	shipped=True
audio_name	magnet.wav	0xe2ede4	shipped=True
audio_name	manDie.wav	0xe2ede4	shipped=True
audio_name	manOuch.wav	0xe2ede4	shipped=True
audio_name	menuPop.wav	0xe2ede4	shipped=True
audio_name	noPath.wav	0xe2ede4	shipped=True
audio_name	paint.wav	0xe2ede4	shipped=True
audio_name	pickaxe.wav	0xe2ede4	shipped=True
audio_name	pickupGem.wav	0xe2ede4	shipped=True
audio_name	place.wav	0xe2ede4	shipped=True
audio_name	pop.wav	0xe2ede4	shipped=True
audio_name	portal.wav	0xe2ede4	shipped=True
audio_name	press.wav	0xe2ede4	shipped=True
audio_name	punch.wav	0xe2ede4	shipped=True
audio_name	punchSmall.wav	0xe2ede4	shipped=True
audio_name	rail.wav	0xe2ede4	shipped=True
audio_name	rainHeavy.wav	0xe2ede4	shipped=True
audio_name	rainLight.wav	0xe2ede4	shipped=True
audio_name	rainUnderground.wav	0xe2ede4	shipped=True
audio_name	razor.wav	0xe2ede4	shipped=True
audio_name	regenerate.wav	0xe2ede4	shipped=True
audio_name	sale.wav	0xe2ede4	shipped=True
audio_name	scorpion.wav	0xe2ede4	shipped=True
audio_name	scorpionAttack.wav	0xe2ede4	shipped=True
audio_name	scorpionFire.wav	0xe2ede4	shipped=True
audio_name	sharkSplash.wav	0xe2ede4	shipped=True
audio_name	shortTwinkle.wav	0xe2ede4	shipped=True
audio_name	sighFemale.wav	0xe2ede4	shipped=True
audio_name	sighMale.wav	0xe2ede4	shipped=True
audio_name	slowdown.wav	0xe2ede4	shipped=True
audio_name	sluice.wav	0xe2ede4	shipped=True
audio_name	snip.wav	0xe2ede4	shipped=True
audio_name	snowStep.wav	0xe2ede4	shipped=True
audio_name	spear.wav	0xe2ede4	shipped=True
audio_name	speedup.wav	0xe2ede4	shipped=True
audio_name	splash.wav	0xe2ede4	shipped=True
audio_name	steam.wav	0xe2ede4	shipped=True
audio_name	steamHiss.wav	0xe2ede4	shipped=True
audio_name	stove.wav	0xe2ede4	shipped=True
audio_name	sword.wav	0xe2ede4	shipped=True
audio_name	tap.wav	0xe2ede4	shipped=True
audio_name	tcMine.wav	0xe2ede4	shipped=True
audio_name	tcPickup.wav	0xe2ede4	shipped=True
audio_name	tear.wav	0xe2ede4	shipped=True
audio_name	timeCrystal.wav	0xe2ede4	shipped=True
audio_name	timeCrystalBuy.wav	0xe2ede4	shipped=True
audio_name	toolBreak.wav	0xe2ede4	shipped=True
audio_name	tpMission.wav	0xe2ede4	shipped=True
audio_name	tradeJobAbort.wav	0xe2ede4	shipped=True
audio_name	trainChug.wav	0xe2ede4	shipped=True
audio_name	trainWhistle.wav	0xe2ede4	shipped=True
audio_name	troll.wav	0xe2ede4	shipped=True
audio_name	trollDie.wav	0xe2ede4	shipped=True
audio_name	trollFound.wav	0xe2ede4	shipped=True
audio_name	trollOuch.wav	0xe2ede4	shipped=True
audio_name	unicornDie.wav	0xe2ede4	shipped=True
audio_name	unicornprr.wav	0xe2ede4	shipped=True
audio_name	upgrade.wav	0xe2ede4	shipped=True
audio_name	wind.wav	0xe2ede4	shipped=True
audio_name	womanOuch.wav	0xe2ede4	shipped=True
audio_name	yak1.wav	0xe2ede4	shipped=True
audio_name	yak2.wav	0xe2ede4	shipped=True
audio_name	yak3.wav	0xe2ede4	shipped=True
audio_name	yakBaby.wav	0xe2ede4	shipped=True
audio_name	yawnFemale.wav	0xe2ede4	shipped=True
audio_name	yawnMale.wav	0xe2ede4	shipped=True
