kind	name	value
source	strings	files=1 keys=0
source	defaultPrices	entries=266 fields=id,old_price,price
source	binary-name-table	0
source	objc-class-exact-matches	18
word-hit	Amethyst	offsets=1 contexts=name-list
word-hit	Blockhead	offsets=62 contexts=name-list,other
word-hit	Boat	offsets=1 contexts=name-list
word-hit	Chest	offsets=3 contexts=name-list,other
word-hit	Clay	offsets=1 contexts=name-list
word-hit	Coconut	offsets=1 contexts=name-list
word-hit	Diamond	offsets=1 contexts=name-list
word-hit	Dirt	offsets=1 contexts=other
word-hit	Door	offsets=1 contexts=name-list
word-hit	ElevatorShaft	offsets=1 contexts=name-list
word-hit	Ember	offsets=1 contexts=name-list
word-hit	Emerald	offsets=1 contexts=name-list
word-hit	FishingRod	offsets=3 contexts=name-list,other
word-hit	Flint	offsets=3 contexts=other
word-hit	FreightCar	offsets=1 contexts=name-list
word-hit	Ladder	offsets=1 contexts=name-list
word-hit	Mango	offsets=1 contexts=name-list
word-hit	Marble	offsets=1 contexts=name-list
word-hit	Mirror	offsets=1 contexts=name-list
word-hit	OwnershipSign	offsets=2 contexts=name-list,other
word-hit	PassengerCar	offsets=1 contexts=name-list
word-hit	Poison	offsets=1 contexts=other
word-hit	Rail	offsets=2 contexts=name-list,other
word-hit	Ruby	offsets=1 contexts=name-list
word-hit	Salt	offsets=2 contexts=name-list,other
word-hit	Sapphire	offsets=1 contexts=name-list
word-hit	Sign	offsets=4 contexts=name-list,other
word-hit	Stone	offsets=1 contexts=name-list
word-hit	String	offsets=1 contexts=other
word-hit	Torch	offsets=1 contexts=name-list
word-hit	TradePortal	offsets=9 contexts=name-list,other
word-hit	TrainStation	offsets=1 contexts=name-list
word-hit	Unknown	offsets=2 contexts=name-list
word-hit	Window	offsets=1 contexts=name-list
