name	address	size	kind	item_types	other_literals
_Z43itemTypeCanBeAttachedNextToToHalfDepthTiles8ItemType	0x00ba9afc	212	unclassified	270,1043,1074	
_Z35usageIncrementAppliesToIncorrectUse8ItemType	0x00bae5c8	104	equals-set	257	
_Z28itemTypeIsValidInventoryItem8ItemType	0x00c5e9ac	116	unclassified	1058,1059,1064	
_Z28itemTypeCanBePlacedOnColumns8ItemType	0x00ba9bd0	268	unclassified	258,301	
_Z25itemTypeIsPlacableInWater8ItemType	0x00ba99b4	268	unclassified	258	
_Z25armourItemDamageUsageRate8ItemTypei	0x00c6e54c	356	equals-set	4,5,10,20,277,278	0xfe01
_Z22itemTypeCarriesLiquids8ItemType	0x00c5ea90	24	always-constant		
_Z18xOffsetForItemType8ItemType	0x00c38c4c	96	equals-set		
_Z18itemTypeIsFullCage8ItemType	0x00ba990c	168	equals-set	303,325,326,327,330	
_Z17itemTypeIsPigment8ItemType	0x00c64428	188	equals-set		
_Z16itemTypeIsLiquid8ItemType	0x00c5ea20	24	always-constant		
_Z15itemTypeIsMoney8ItemType	0x00c5ea38	88	equals-set		
_Z15itemTypeIsMetal8ItemType	0x00bae370	600	equals-set	285,286,322	
OBJC_IVAR_$_Blockhead.shoesItemType	0x00f35448	4	unclassified		
OBJC_IVAR_$_Blockhead.shirtItemType	0x00f3540c	4	unclassified		
OBJC_IVAR_$_Blockhead.remoteInteractionItemType	0x00f35574	4	unclassified		
OBJC_IVAR_$_Blockhead.pantsItemType	0x00f35424	4	unclassified		
OBJC_IVAR_$_Blockhead.hatItemType	0x00f35438	4	unclassified		
_Z30preserveItemDataAInCraftedItem8ItemTypeS_	0x00aed208	272	equals-set	277,278	0x9a85,0xfe01
_Z26randomBonusItemTypeForTileP4Tile7intpairPiP5World	0x00a17a70	1492	unclassified	2,48,65,72,73,75,76,86,87,88,261,262,279,280,1038	0x5556,0x8e39,0xa2e9
_Z18itemTypeIsLuminous8ItemType	0x009c6480	44	equals-set	1105	
_Z39textureNameForUpperBodyClothingItemType8ItemTypea	0x0097e0a8	668	equals-set	278	
_Z30textureNameForClothingItemType8ItemType	0x0097d668	1076	equals-set	287,289,290,291,293,294	
_Z27reflectivityForClothingItem8ItemType	0x00994724	300	equals-set	261,277,278	0xe001
OBJC_IVAR_$_BlockheadPreviewView.shoesItemType	0x00f34628	4	unclassified		
OBJC_IVAR_$_BlockheadPreviewView.shirtItemType	0x00f345e8	4	unclassified		
OBJC_IVAR_$_BlockheadPreviewView.pantsItemType	0x00f34604	4	unclassified		
OBJC_IVAR_$_BlockheadPreviewView.hatItemType	0x00f34618	4	unclassified		
_Z24plantTypeForSeedItemType8ItemType	0x008e4c98	428	equals-set	2,3,4,5,6,7,8,9,10,294,295,309,310	
_Z23treeTypeForSeedItemType8ItemType	0x008e4b2c	364	equals-set	2,3,4,5,6,7,8,9,10	
_Z24itemTypeCanBeWornOnTorso8ItemType	0x0088ca30	152	equals-set	278	
_Z23itemTypeCanBeWornOnLegs8ItemType	0x0088c9a0	144	equals-set	287,291	
_Z23itemTypeCanBeWornOnHead8ItemType	0x0088cb58	168	equals-set	289,293	
_Z23itemTypeCanBeWornOnFeet8ItemType	0x0088cac8	144	equals-set	290,294	
_Z17itemTypeCanBeWorn8ItemType	0x00886fa8	148	unclassified		
OBJC_IVAR_$_WearUI.currentItemType	0x00f340d8	4	unclassified		
_Z43randomBonusClothingItemTypeFromSharkAtLeveli	0x00a18dec	380	unclassified	3,4,84,85,115,117,122,124,126,127,130	
_Z30genericDyedItemTypeForItemType8ItemType	0x00763adc	332	equals-set	113,114,116,118,123,125,128,129,131,172,173	
OBJC_IVAR_$_ScrollingButtons.secondaryIndicatorItemTypes	0x00f33794	4	unclassified		
OBJC_IVAR_$_ScrollingButtons.craftableItemBlockCubesOrItemTypes	0x00f33784	4	unclassified		
OBJC_IVAR_$_TradingPostBuyUI.currentItemType	0x00f33598	4	unclassified		
_Z35itemTypeCanBePlacedOnBackgroundRock8ItemType	0x006d4c9c	64	equals-set		
_Z33sowableItemTypeOccupiesForeground8ItemType	0x006d5518	184	equals-set	295,297,310	
_Z27itemTypeIsSowableInTileType8ItemType8TileType	0x006d52f0	552	unclassified	295,297,310	
_Z25itemTypeIsPlacableOnFloor8ItemType	0x006d4cdc	464	unclassified	270,303,325,326,327,330,331	
_Z25itemSoresFuelUsageInDataB8ItemType	0x006b043c	44	equals-set	278	
_Z19itemTypeStoresUsage8ItemType	0x0068d7c8	156	unclassified	2	
OBJC_IVAR_$_ScrollingButtonsTradePortal.itemBlockCubesOrItemTypes	0x00f33080	4	unclassified		
OBJC_IVAR_$_NPC.interactionItemTypeToSend	0x00f32f04	4	unclassified		
_Z33itemTypeRequiresOwnershipToRemove8ItemType	0x00627c40	820	unclassified	301,331,1043,1065,1074,1087	
_Z13itemTypeIsGem8ItemType	0x0062f7e4	128	equals-set		
_Z28clothingItemPasivelyUsedRate8ItemTypeiia	0x005e9fa4	760	equals-set	4,277,278	0x8280,0xfe01
_Z24tileTexCoordsForItemType8ItemTypea	0x005f0450	212	unclassified	32	
_Z20usageIncrementPerUse8ItemTypeiaa	0x005e9c30	884	unclassified	2,3,4,8,16,32,41,64,128,256,257,285,286,322,1024	0x200
_Z43interactionObjectItemTypeOccupiesForeground8ItemType	0x0057b6bc	68	equals-set	301	
_Z34itemTypeOccupiesForegroundContents8ItemType	0x0057b630	140	unclassified	301	
_Z34itemTypeOccupiesBackgroundContents8ItemType	0x00580be0	64	equals-set		
_Z28itemTypeIsPlacableOnBackWall8ItemType	0x005b2ca0	1064	unclassified	1025,1031,1032,1033,1034,1043,1050,1052,1055,1061,1065,1071,1074,1077,1078,1079	
_Z28itemTypeIsLightEmittingBlock8ItemType	0x00580f24	100	unclassified	1045,1105	
_Z27itemTypeIsInteractionObject8ItemType	0x005b2ad4	56	unclassified		
_Z25itemTypeIsPlacableOnTrees8ItemType	0x00580c20	188	equals-set	258	
_Z24itemTypeIsPlacableOnWall8ItemType	0x005deb84	276	unclassified	258	
_Z23npcTypeFromCageItemType8ItemType	0x00580e5c	200	equals-set	2,3,7,8,303	
_Z23itemTypeIsValidFillItem8ItemType	0x00580cdc	384	equals-set	1027,1029,1035,1037,1039,1041,1046,1047,1053,1073	0x452
_Z23itemTypeIsTwoBlocksWide8ItemType	0x0057b5e4	76	equals-set		
_Z19itemTypeIsWorkbench8ItemType	0x005b2aa0	52	unclassified		
_Z18itemTypeIsTrainCar8ItemType	0x0057bd18	88	equals-set		
_Z18itemTypeIsPainting8ItemType	0x005b902c	148	equals-set		
_Z18itemTypeIsHangable8ItemType	0x005b23b8	1380	equals-set	301,1025,1026,1027,1028,1029,1030,1031,1032,1033,1034,1035,1036,1037,1038,1039	
_Z18itemTypeIsGemBlock8ItemType	0x005df71c	120	equals-set	1098,1099,1100,1101,1102	
_Z17itemTypeIsSowable8ItemType	0x0056871c	304	equals-set	295,297,310	
_Z16itemTypeIsStairs8ItemType	0x005b2b0c	404	equals-set	263,265,267,281,283,333,339,341,342,343	
_Z16itemTypeIsColumn8ItemType	0x005b291c	388	equals-set	266,282,334,335,337,338	
_Z15itemTypeIsTorch8ItemType	0x005df794	248	equals-set	258	
_Z41itemTypeSubItemsCanBeModifiedWhileCarried8ItemType	0x004eb960	68	equals-set		
_Z19itemTypeIsStackable8ItemTypett	0x004ea3cc	244	unclassified		
_ZNSt3__16__treeINS_4pairI9DodoBreed8ItemTypeEENS_19__map_value_compareIS2_S3_NS_4lessIS2_EELb1EEENS_9allocatorIS4_EEED2Ev	0x004d8ff4	96	unclassified		
_ZNSt3__16__treeINS_4pairI9DodoBreed8ItemTypeEENS_19__map_value_compareIS2_S3_NS_4lessIS2_EELb1EEENS_9allocatorIS4_EEEC2ERKS8_	0x004d9148	224	unclassified		
_ZNSt3__16__treeINS_4pairI9DodoBreed8ItemTypeEENS_19__map_value_compareIS2_S3_NS_4lessIS2_EELb1EEENS_9allocatorIS4_EEE7destroyEPNS_11__tree_nodeIS4_PvEE	0x004d9054	244	unclassified		
_ZNSt3__16__treeINS_4pairI9DodoBreed8ItemTypeEENS_19__map_value_compareIS2_S3_NS_4lessIS2_EELb1EEENS_9allocatorIS4_EEE16__insert_node_atEPNS_16__tree_node_baseIPvEERSF_SF_	0x004d84c4	252	unclassified		
_ZNSt3__13mapI9DodoBreed8ItemTypeNS_4lessIS1_EENS_9allocatorINS_4pairIKS1_S2_EEEEEixERS7_	0x004d7a9c	940	unclassified		
_ZNSt3__13mapI9DodoBreed8ItemTypeNS_4lessIS1_EENS_9allocatorINS_4pairIKS1_S2_EEEEEixEOS1_	0x004d76dc	960	unclassified		
_ZNSt3__13mapI9DodoBreed8ItemTypeNS_4lessIS1_EENS_9allocatorINS_4pairIKS1_S2_EEEEED2Ev	0x004d76ac	48	unclassified		
_ZNSt3__13mapI9DodoBreed8ItemTypeNS_4lessIS1_EENS_9allocatorINS_4pairIKS1_S2_EEEEE16__find_equal_keyERPNS_16__tree_node_baseIPvEERS7_	0x004d7e48	532	equals-set		
_ZNSt3__13mapI9DodoBreed8ItemTypeNS_4lessIS1_EENS_9allocatorINS_4pairIKS1_S2_EEEEE16__construct_nodeIS1_EENS_9enable_ifIXsr16is_constructibleIS1_T_EE5valueENS_10unique_ptrINS_11__tree_nodeINS6_IS1_S2_EEPvEENS_21__map_node_destructorINS5_ISI_EEEEEEE4typeEOSD_	0x004d8b8c	1128	unclassified		
_ZNSt3__13mapI9DodoBreed8ItemTypeNS_4lessIS1_EENS_9allocatorINS_4pairIKS1_S2_EEEEE16__construct_nodeIRS7_EENS_9enable_ifIXsr16is_constructibleIS1_T_EE5valueENS_10unique_ptrINS_11__tree_nodeINS6_IS1_S2_EEPvEENS_21__map_node_destructorINS5_ISJ_EEEEEEE4typeEOSE_	0x004d805c	1128	unclassified		
_ZNKSt3__16__treeINS_4pairI9DodoBreed8ItemTypeEENS_19__map_value_compareIS2_S3_NS_4lessIS2_EELb1EEENS_9allocatorIS4_EEE14__count_uniqueIS2_EEmRKT_	0x004d89dc	432	equals-set		
_Z25itemTypeForColoredOverlay8ItemType	0x004d6220	64	equals-set	171	
_Z20texCoordsForItemType8ItemType	0x004d6040	232	unclassified	32	
_Z20itemTypeCanBeColored8ItemType	0x004d6128	248	equals-set		
_Z20imageTypeForItemType8ItemTypea	0x004d71dc	1232	equals-set	32,33,34,35,64,65,66,67,76,79,80,81,82,85,86,87	0x1de,0x247,0x248,0x2a0,0x2b9,0x2ba,0x2bb,0x2bc
_Z15itemTypeIsSolid8ItemType	0x004daf58	784	equals-set	1026,1027,1028,1029,1030,1035,1036,1037,1038,1039,1041,1042,1045,1047,1048,1049	
_Z15itemTypeIsBlock8ItemType	0x004cc11c	612	unclassified	1025,1031,1032,1033,1034,1043,1050,1052,1055,1061,1065,1071,1074,1077,1078,1079	
_Z25torchConnectionTypeForPos7intpairP5World8ItemType	0x004b4444	1464	unclassified	2,3,5	
UICollectionViewItemTypeToString	0x003294c8	208	unclassified		
