rebuild_id	string_id	rebuild_name	original_type	original_name	status	atlas_a0	original_sources	note
0	ITEM_EMPTY	Air	0	Unknown	placeholder	0,1	enum;placeholder;tile25(SpawnPortalBase);tile31(Lava);tile33(SpawnPortalBaseAmethyst);tile34(SpawnPortalBaseSapphire);tile35(SpawnPortalBaseEmerald);tile36(SpawnPortalBaseRuby);tile37(SpawnPortalBaseDiamond);tile38(NorthPole);tile39(SouthPole);tile40(WestPole);tile41(EastPole);tile42(PortalBase);tile43(PortalBaseAmethyst);tile44(PortalBaseSapphire);tile45(PortalBaseEmerald);tile46(PortalBaseRuby);tile47(PortalBaseDiamond);tile60(TradePortalBase);tile61(TradePortalBaseAmethyst);tile62(TradePortalBaseSapphire);tile63(TradePortalBaseEmerald);tile64(TradePortalBaseRuby);tile65(TradePortalBaseDiamond);tile66(?)	original Unknown = 0
1	ITEM_DIRT	Dirt	1048	Dirt	aligned	0,2	enum;price;imagetype@0x004d7498	
2	ITEM_STONE	Stone	1024	Stone	aligned	1,1	enum;tile10(MinedStone);price;imagetype@0x004d73c0	
3	BLOCK_WOOD	Wood	1049	Wood	aligned	4,6	enum;tile9(Wood);price;imagetype@0x004d74c8	
4	BLOCK_LEAVES	Leaves	null		tile_only			tree leaves are terrain only (VoxelType 92..134); no original item
5	BLOCK_GRASS	Grass	null		tile_only			GrassDirt is terrain only (VoxelType 27); no original item
6	BLOCK_SAND	Sand	1051	Sand	aligned	1,2	enum;tile7(Sand);tile8(MinedSand);price;imagetype@0x004d74b0	
7	ITEM_COPPER_ORE	Copper Ore	31	CopperOre	aligned	0,1	enum;price	
8	ITEM_TIN_ORE	Tin Ore	36	TinOre	aligned	0,1	enum;price	
9	ITEM_GOLD_ORE	Gold Ore	73	GoldNugget	aligned_differs	0,1	enum;price	original name GoldNugget; gold terrain yields nuggets
10	BLOCK_SNOW	Snow	null		tile_only			Snow is terrain only (VoxelType 5); no original item
11	ITEM_WORKBENCH	Workbench	1050	WorkBench	aligned	0,1	enum;imagetype(default)@0x004d769c	original spelling WorkBench
12	ITEM_TOOLBENCH	Toolbench	1052	ToolBench	aligned	0,1	enum;imagetype(default)@0x004d769c	original spelling ToolBench
13	BLOCK_ICE	Ice	1060	Ice	aligned	14,3	enum;tile4(Ice);price;imagetype@0x004d7618	
14	BLOCK_CACTUS	Cactus	null		tile_only			Cactus is terrain only (VoxelType 115/116); no original item
15	BLOCK_GLASS	Glass	1042	Glass	aligned	12,3	enum;tile24(Glass);price;imagetype@0x004d75e8	
16	ITEM_CRAFTBENCH	Craftbench	1055	CraftBench	aligned	0,1	enum;imagetype(default)@0x004d769c	original spelling CraftBench
17	ITEM_FURNACE	Furnace	1031	Furnace	aligned	0,1	enum;imagetype(default)@0x004d769c	
18	ITEM_IRON_ORE	Iron Ore	32	IronOre	aligned	0,1	enum;price	
19	ITEM_CHEST	Chest	1043	Chest	aligned	22,10	enum;price;imagetype@0x004d74e0	
20	ITEM_TORCH	Torch	17	Torch	aligned	0,1	enum;price	
21	ITEM_FLINT	Flint	3	Flint	aligned	0,1	enum;price	
22	ITEM_STICK	Stick	4	Stick	aligned	0,1	enum;price	
23	ITEM_CAMPFIRE	Campfire	15	Campfire	aligned	0,1	enum	
30	ITEM_CHILI	Chili	112	Chilli	aligned_differs	0,1	enum;price	original name Chilli
31	ITEM_DODO_MEAT	Dodo Meat	29	DodoMeat	aligned	0,1	enum;price	
32	ITEM_COCONUT	Coconut	46	Coconut	aligned	0,1	enum;price	
33	ITEM_FUR	Fur	121	Fur	aligned	0,1	enum;price	
40	ITEM_COPPER_INGOT	Copper Ingot	35	CopperIngot	aligned	0,1	enum;price	
41	ITEM_TIN_INGOT	Tin Ingot	37	TinIngot	aligned	0,1	enum;price	
42	ITEM_IRON_INGOT	Iron Ingot	65	IronIngot	aligned	0,1	enum;price	
43	ITEM_STEEL_INGOT	Steel Ingot	92	SteelIngot	aligned	0,1	enum;price	
44	ITEM_BRONZE_INGOT	Bronze Ingot	38	BronzeIngot	aligned	0,1	enum;price	
45	ITEM_GOLD_INGOT	Gold Ingot	72	GoldIngot	aligned	0,1	enum;price	
50	ITEM_PICKAXE	Flint Pickaxe	8	FlintPickaxe	aligned	0,1	enum;price	
51	ITEM_AXE	Flint Axe	6	FlintAxe	aligned	0,1	enum;price	
52	ITEM_SPADE	Flint Spade	16	FlintSpade	aligned	0,1	enum;price	
70	ITEM_COAL	Coal	51	Coal	aligned	0,1	enum;price	
71	ITEM_COPPER_WIRE	Copper Wire	178	CopperWire	aligned	0,1	enum;price	
72	ITEM_COAL_GENERATOR	Coal Generator	null		no_original			no coal generator in the original table (power sources: SteamGenerator 1077, SolarPanel 1082, Flywheel 1083)
73	ITEM_ELECTRIC_LAMP	Electric Lamp	null		no_original			no electric lamp in the original table (lamps: OilLantern 47, SteelLantern 150, IceTorch 183)
80	ITEM_WOOD_DOOR	Wood Door	52	Door	aligned_differs	0,1	enum;price	original name Door
81	ITEM_WOOD_TRAPDOOR	Trapdoor	69	Trapdoor	aligned	0,1	enum;price	
82	ITEM_LADDER	Ladder	53	Ladder	aligned	0,1	enum;price	
90	ITEM_FLAX_SEED	Flax Seed	54	FlaxSeed	aligned	0,1	enum;price	
91	ITEM_FLAX	Flax	55	Flax	aligned	0,1	enum;price	
92	ITEM_SUNFLOWER_SEED	Sunflower Seed	61	SunflowerSeed	aligned	0,1	enum;price	
93	ITEM_SUNFLOWER	Sunflower	null		no_original			only the seed exists in the original table (SunflowerSeed 61)
97	ITEM_LINEN_CAP	Linen Cap	115	LinenCap	aligned	0,1	enum;price	
98	ITEM_LINEN_PANTS	Linen Pants	84	LinenPants	aligned	0,1	enum;price	
100	ENTITY_DODO	Dodo	null		entity			creature marker; the caged item is CagedDodo 303
101	ENTITY_DROP_ITEM	Dropped Item	null		entity			creature marker, not an item id
102	ENTITY_YAK	Yak	null		entity			creature marker, not an item id
103	ENTITY_DROPBEAR	Dropbear	null		entity			creature marker, not an item id
110	ITEM_SOFT_BED	Soft Bed	169	SoftBed	aligned	0,1	enum;price	
111	ITEM_WOOD_SHELF	Wood Shelf	161	Shelf	aligned_differs	0,1	enum;price	original name Shelf
150	ITEM_PORTAL	Portal	134	Portal	aligned	0,1	enum	
151	ITEM_TIME_CRYSTAL	Time Crystal	11	TimeCrystal	aligned	0,1	enum;tile16(TimeCrystal)	
152	BLOCK_TC_ORE	Time Crystal Ore	null		tile_only			TimeCrystal is a terrain type (VoxelType 16) that mines into item TimeCrystal 11; no separate ore item
200	BLOCK_PLATFORM	Wood Platform	1057	ReinforcedPlatform	aligned_differs	4,5	enum;tile32(ReinforcedPlatform);price;imagetype@0x004d74d4	tile-level match: platform terrain is ReinforcedPlatform (ELF tile32 -> 1057)
201	BLOCK_STONE_WALL	Stone Wall	null		no_original			no wall item; columns/stairs exist (StoneColumn 222, StoneStairs 229)
205	ITEM_IRON_DOOR	Iron Door	164	IronDoor	aligned	0,1	enum;price	
206	ITEM_IRON_TRAPDOOR	Iron Trapdoor	165	IronTrapdoor	aligned	0,1	enum;price	
210	ITEM_APPLE	Apple	21	Apple	aligned	0,1	enum;price	
211	ITEM_ORANGE	Orange	60	Orange	aligned	0,1	enum;price	
214	ITEM_CORN	Corn	62	Corn	aligned	0,1	enum;price	
215	ITEM_CARROT	Carrot	71	Carrot	aligned	0,1	enum;price	
220	ITEM_AMETHYST	Amethyst	87	Amethyst	aligned	0,1	enum;price	
221	ITEM_SAPPHIRE	Sapphire	86	Sapphire	aligned	0,1	enum;price	
222	ITEM_EMERALD	Emerald	76	Emerald	aligned	0,1	enum;price	
223	ITEM_RUBY	Ruby	75	Ruby	aligned	0,1	enum;price	
224	ITEM_DIAMOND	Diamond	88	Diamond	aligned	0,1	enum;price	
230	ITEM_BRONZE_PICKAXE	Bronze Pickaxe	43	BronzePickaxe	aligned	0,1	enum;price	
231	ITEM_BRONZE_AXE	Bronze Axe	null		no_original			no bronze axe; axes are FlintAxe 6, StoneAxe 33, IronAxe 70
232	ITEM_BRONZE_SPADE	Bronze Spade	null		no_original			no bronze spade; spades are Flint 16, Tin 40, Stone 64, Gold 89
233	ITEM_BRONZE_SWORD	Bronze Sword	50	BronzeSword	aligned	0,1	enum;price	
240	ITEM_IRON_PICKAXE	Iron Pickaxe	66	IronPickaxe	aligned	0,1	enum;price	
241	ITEM_IRON_AXE	Iron Axe	70	IronAxe	aligned	0,1	enum;price	
242	ITEM_IRON_SPADE	Iron Spade	null		no_original			no iron spade in the original table
243	ITEM_IRON_SWORD	Iron Sword	68	IronSword	aligned	0,1	enum;price	
260	ITEM_GOLD_PICKAXE	Gold Pickaxe	90	GoldPickaxe	aligned	0,1	enum;price	
261	ITEM_GOLD_AXE	Gold Axe	null		no_original			no gold axe in the original table
262	ITEM_GOLD_SPADE	Gold Spade	89	GoldSpade	aligned	0,1	enum;price	
263	ITEM_GOLD_SWORD	Gold Sword	null		no_original			no gold sword in the original table
270	ITEM_ELEVATOR_MOTOR	Elevator Motor	1088	ElectricElevatorMotor	aligned_differs	8,18	enum;price;imagetype@0x004d7648	original name ElectricElevatorMotor
271	ITEM_ELEVATOR_SHAFT	Elevator Shaft	1087	ElevatorShaft	aligned	7,18	enum;price;imagetype@0x004d7654	
272	ITEM_ELECTRIC_FURNACE	Electric Furnace	1079	ElectricFurnace	aligned	0,1	enum;imagetype(default)@0x004d769c	
