step	result
selector	soundNamed:
string_va	0xecf8e2
string_section	__TEXT,__objc_methname,cstring_literals
selref_section	__DATA, __objc_selrefs, literal_pointers, no_dead_strip
selref_slots	['0xe7de14']
msgrefs_section	__DATA, __objc_msgrefs, coalesced
msgrefs_unit_matches	[]
holders_of_string_va	{'section': '__DATA, __objc_selrefs, literal_pointers, no_dead_strip', 'va': '0xe7de14', 'file_offset': '0xe7de14'}
holders_of_selref_slot	{'section': '.rel.dyn', 'va': '0xb3580', 'file_offset': '0xb3580'}
relocation_section	.rel.dyn entries=148676
relocation_section	.rel.plt entries=611
