item_type	item_type_hex	name	image_a0	col_a0	row_a0	image_a1	col_a1	row_a1	price	old_price	sources
0	0x000	Unknown	32	0	1	32	0	1			enum;placeholder;tile25(SpawnPortalBase);tile31(Lava);tile33(SpawnPortalBaseAmethyst);tile34(SpawnPortalBaseSapphire);tile35(SpawnPortalBaseEmerald);tile36(SpawnPortalBaseRuby);tile37(SpawnPortalBaseDiamond);tile38(NorthPole);tile39(SouthPole);tile40(WestPole);tile41(EastPole);tile42(PortalBase);tile43(PortalBaseAmethyst);tile44(PortalBaseSapphire);tile45(PortalBaseEmerald);tile46(PortalBaseRuby);tile47(PortalBaseDiamond);tile60(TradePortalBase);tile61(TradePortalBaseAmethyst);tile62(TradePortalBaseSapphire);tile63(TradePortalBaseEmerald);tile64(TradePortalBaseRuby);tile65(TradePortalBaseDiamond);tile66(?)
1	0x001	Clothing	32	0	1	32	0	1			enum
2	0x002	DeprecatedDirtBlock	32	0	1	32	0	1			enum
3	0x003	Flint	32	0	1	32	0	1	0.23358711303788	0.26021159615151	enum;price
4	0x004	Stick	32	0	1	32	0	1	84.246548435057	70.277994366159	enum;price
5	0x005	DeprecatedWoodBlock	32	0	1	32	0	1			enum
6	0x006	FlintAxe	32	0	1	32	0	1	45.132890752139	47.340458799485	enum;price
7	0x007	FlintSpear	32	0	1	32	0	1	57.254168600939	60.105092259431	enum;price
8	0x008	FlintPickaxe	32	0	1	32	0	1	531.04146138799	522.07311805735	enum;price
9	0x009	DoubleTime	32	0	1	32	0	1			enum
10	0x00A	DeprecatedWorkbench	32	0	1	32	0	1			enum
11	0x00B	TimeCrystal	32	0	1	32	0	1			enum;tile16(TimeCrystal)
12	0x00C	Basket	32	0	1	32	0	1	1705.8274833568	1476.9293454363	enum;price
13	0x00D	Ember	32	0	1	32	0	1	1397.4011894448	1035.5301332548	enum;price
14	0x00E	Charcoal	32	0	1	32	0	1	239.26021726886	233.94329146802	enum;price
15	0x00F	Campfire	32	0	1	32	0	1			enum
16	0x010	FlintSpade	32	0	1	32	0	1	0.42076563790495	0.47020857078881	enum;price
17	0x011	Torch	32	0	1	32	0	1	328.64083082966	307.75011577111	enum;price
18	0x012	DeprecatedSand	32	0	1	32	0	1			enum
19	0x013	Blockhead	32	0	1	32	0	1			enum
20	0x014	Food	32	0	1	32	0	1			enum
21	0x015	Apple	32	0	1	32	0	1	507.94263812569	638.24397389818	enum;price
22	0x016	Mango	32	0	1	32	0	1	402.91995397948	433.2324522282	enum;price
23	0x017	MapleSeed	32	0	1	32	0	1	96.79363979954	98.860785671304	enum;price
24	0x018	PricklyPear	32	0	1	32	0	1	515.50867524861	578.64834313656	enum;price
25	0x019	FlintMachete	32	0	1	32	0	1	46.798867725238	48.981017281756	enum;price
26	0x01A	DeprecatedStoneWorkbench	32	0	1	32	0	1			enum
27	0x01B	Pinecone	32	0	1	32	0	1	2.0697143088764	2.0302073075062	enum;price
28	0x01C	Clay	32	0	1	32	0	1	35.557675379992	39.405112446717	enum;price
29	0x01D	DodoMeat	32	0	1	32	0	1	883.69890851112	953.03650826649	enum;price
30	0x01E	DodoFeather	32	0	1	32	0	1	0.16155427517695	0.1814866403788	enum;price
31	0x01F	CopperOre	32	0	1	32	0	1	3.6253104694606	3.524950446085	enum;price
32	0x020	IronOre	32	0	1	32	0	1	2526.26052999	2248.0377929596	enum;price
33	0x021	StoneAxe	32	0	1	32	0	1	190.87522979359	188.47925703349	enum;price
34	0x022	StonePickaxe	32	0	1	32	0	1	642.78723440805	630.60590764703	enum;price
35	0x023	CopperIngot	32	0	1	32	0	1	108.9963667804	122.41971388177	enum;price
36	0x024	TinOre	32	0	1	32	0	1	74.909067280239	78.870664266337	enum;price
37	0x025	TinIngot	32	0	1	32	0	1	1576.2514235489	1668.9329656392	enum;price
38	0x026	BronzeIngot	32	0	1	32	0	1	3515.3220626609	3466.8937266559	enum;price
39	0x027	CopperSpear	32	0	1	32	0	1			enum
40	0x028	TinSpade	32	0	1	32	0	1	4796.5322698446	4905.0471452649	enum;price
41	0x029	CopperArrow	32	0	1	32	0	1			enum
42	0x02A	CopperBowAndArrows	32	0	1	32	0	1	10850.295172926	10937.774427755	enum;price
43	0x02B	BronzePickaxe	32	0	1	32	0	1	1453.8754102701	1417.3931871949	enum;price
44	0x02C	String	32	0	1	32	0	1	15.177346223315	17.029458629189	enum;price
45	0x02D	ClayJug	32	0	1	32	0	1			enum
46	0x02E	Coconut	32	0	1	32	0	1	82.445270901393	90.964905547205	enum;price
47	0x02F	OilLantern	32	0	1	32	0	1	704.6618977558	487.55862153933	enum;price
48	0x030	Oil	32	0	1	32	0	1	228.39931608706	218.76988635151	enum;price
49	0x031	BronzeMachete	32	0	1	32	0	1	200.70254892381	209.61605667229	enum;price
50	0x032	BronzeSword	32	0	1	32	0	1	9842.8669724205	9977.3511483546	enum;price
51	0x033	Coal	32	0	1	32	0	1	74.304480339697	70.802596746287	enum;price
52	0x034	Door	32	0	1	32	0	1	2891.5149419762	2440.2313519806	enum;price
53	0x035	Ladder	32	0	1	32	0	1	669.40565058017	460.7622265213	enum;price
54	0x036	FlaxSeed	32	0	1	32	0	1	11.750928162115	12.782408611143	enum;price
55	0x037	Flax	32	0	1	32	0	1	24.674049252794	21.877731203978	enum;price
56	0x038	IndianYellow	32	0	1	32	0	1	30.091341340511	33.797212751607	enum;price
57	0x039	RedOchre	32	0	1	32	0	1	1373.0553245211	1448.8542166078	enum;price
58	0x03A	Window	109	13	3	109	13	3	2066.5797913804	1911.362641064	enum;price;imagetype@0x004d760c
59	0x03B	CookedDodoMeat	32	0	1	32	0	1	4416.064123005	4058.3221946616	enum;price
60	0x03C	Orange	32	0	1	32	0	1	24.11660637969	28.635496774299	enum;price
61	0x03D	SunflowerSeed	32	0	1	32	0	1	11.545773808199	12.219760982487	enum;price
62	0x03E	Corn	32	0	1	32	0	1	75.296634309886	83.611006274648	enum;price
63	0x03F	Bed	32	0	1	32	0	1	9.6019653807534	9.9532651435018	enum;price
64	0x040	StoneSpade	32	0	1	32	0	1	44.084346110993	45.610475395662	enum;price
65	0x041	IronIngot	32	0	1	32	0	1	11222.183364336	11882.033210809	enum;price
66	0x042	IronPickaxe	32	0	1	32	0	1	2780.2610952325	2844.4120290571	enum;price
67	0x043	IronMachete	32	0	1	32	0	1	668.37564923595	705.75281843921	enum;price
68	0x044	IronSword	32	0	1	32	0	1	69715.392864794	70363.264602942	enum;price
69	0x045	Trapdoor	32	0	1	32	0	1	2694.7326240657	2415.7681557327	enum;price
70	0x046	IronAxe	32	0	1	32	0	1	10757.460666824	10783.196282699	enum;price
71	0x047	Carrot	32	0	1	32	0	1	68.636303908257	74.690978467969	enum;price
72	0x048	GoldIngot	32	0	1	32	0	1	980.59665512	1027.9226357084	enum;price
73	0x049	GoldNugget	32	0	1	32	0	1	365.77236675457	381.66554903515	enum;price
74	0x04A	CarrotOnAStick	32	0	1	32	0	1	267.1148868188	288.8235424601	enum;price
75	0x04B	Ruby	32	0	1	32	0	1	8558.0904618344	9165.1953568645	enum;price
76	0x04C	Emerald	32	0	1	32	0	1	2107.5101005241	2260.177729978	enum;price
77	0x04D	Cherry	32	0	1	32	0	1	74.004679557433	76.497716920721	enum;price
78	0x04E	CoffeeCherry	32	0	1	32	0	1	2230.1216538344	2111.4605754033	enum;price
79	0x04F	GreenCoffeeBean	32	0	1	32	0	1	613.18046177459	681.97920930119	enum;price
80	0x050	Cup	32	0	1	32	0	1	0.86154910261071	1.1587428451656	enum;price
81	0x051	Coffee	32	0	1	32	0	1	35342.870054806	35738.446557411	enum;price
82	0x052	RoastedCoffeeBean	32	0	1	32	0	1	1275.9722730017	1421.977550255	enum;price
83	0x053	Linen	32	0	1	32	0	1	3448.189255148	3273.2169768814	enum;price
84	0x054	LinenPants	32	0	1	32	0	1	1281.9874893794	1251.5696114559	enum;price
85	0x055	LinenShirt	32	0	1	32	0	1	1508.5480621233	1427.138437204	enum;price
86	0x056	Sapphire	32	0	1	32	0	1	665.03126394539	670.05785567244	enum;price
87	0x057	Amethyst	32	0	1	32	0	1	127.13676805724	121.19343281881	enum;price
88	0x058	Diamond	32	0	1	32	0	1	28729.277638985	26672.646267443	enum;price
89	0x059	GoldSpade	32	0	1	32	0	1	7124.2449172043	7629.4812152345	enum;price
90	0x05A	GoldPickaxe	32	0	1	32	0	1	24594.343578504	25979.58960908	enum;price
91	0x05B	DodoEgg	32	0	1	32	0	1	3714.1709860791	3640.3606163327	enum;price
92	0x05C	SteelIngot	32	0	1	32	0	1	23877.190673871	25859.055950231	enum;price
93	0x05D	SteelPickaxe	32	0	1	32	0	1	25786.017461695	28285.544884923	enum;price
94	0x05E	AmethystPickaxe	32	0	1	32	0	1	2010.3658824855	2042.8126170229	enum;price
95	0x05F	SapphirePickaxe	32	0	1	32	0	1	3314.9906159224	3362.3006749128	enum;price
96	0x060	EmeraldPickaxe	32	0	1	32	0	1	8990.6884687438	9021.9367517884	enum;price
97	0x061	RubyPickaxe	32	0	1	32	0	1	16130.266071706	16743.169285685	enum;price
98	0x062	DiamondPickaxe	32	0	1	32	0	1	122773.55991874	116790.99164162	enum;price
99	0x063	UltramarineBlue	32	0	1	32	0	1	398.35816827644	426.53209199502	enum;price
100	0x064	CarbonBlack	32	0	1	32	0	1	1149.0698570945	1204.2858589899	enum;price
101	0x065	MarbleWhite	32	0	1	32	0	1	90.630894090947	97.137872717123	enum;price
102	0x066	TinBucket	32	0	1	32	0	1	22904.665561313	22199.43311071	enum;price
103	0x067	Paint	32	0	1	32	0	1			enum
104	0x068	PaintStripper	32	0	1	32	0	1			enum
105	0x069	BucketOfWater	32	0	1	32	0	1	32021.429086901	33372.717521034	enum;price
106	0x06A	Pigment	32	0	1	32	0	1			enum
107	0x06B	RainbowPaintCap	32	0	1	32	0	1			enum
108	0x06C	InvalidPigment	32	0	1	32	0	1			enum
109	0x06D	EmeraldGreen	32	0	1	32	0	1	118.07694726585	128.8790691056	enum;price
110	0x06E	TyrianPurple	32	0	1	32	0	1	74.027819608509	78.568917636738	enum;price
111	0x06F	Boat	32	0	1	32	0	1	5181.495726564	4888.1660459848	enum;price
112	0x070	Chilli	32	0	1	32	0	1	46.918256782757	51.953356143124	enum;price
113	0x071	RainbowLinenPants	32	0	1	32	0	1			enum
114	0x072	RainbowShirt	32	0	1	32	0	1			enum
115	0x073	LinenCap	32	0	1	32	0	1	1216.0687451655	1185.5775392606	enum;price
116	0x074	RainbowCap	32	0	1	32	0	1			enum
117	0x075	LinenBrimmedHat	32	0	1	32	0	1	1266.5384430007	1246.4944890358	enum;price
118	0x076	RainbowBrimmedHat	32	0	1	32	0	1			enum
119	0x077	CopperBlue	32	0	1	32	0	1	205.12663843593	217.44862700688	enum;price
120	0x078	Leather	32	0	1	32	0	1	1.7677427123661	1.9275337526492	enum;price
121	0x079	Fur	32	0	1	32	0	1	2.2117224441554	2.7437412496411	enum;price
122	0x07A	LeatherJacket	32	0	1	32	0	1	1306.7802028981	1325.8011932262	enum;price
123	0x07B	RainbowJacket	32	0	1	32	0	1			enum
124	0x07C	LeatherBoots	32	0	1	32	0	1	1206.4801189483	1174.0903300921	enum;price
125	0x07D	RainbowLeatherBoots	32	0	1	32	0	1			enum
126	0x07E	FurCoat	32	0	1	32	0	1	1603.8842992747	1590.4496697506	enum;price
127	0x07F	FurBoots	32	0	1	32	0	1	1124.4637183385	1115.2679170388	enum;price
128	0x080	RainbowCoat	32	0	1	32	0	1			enum
129	0x081	RainbowFurBoots	32	0	1	32	0	1			enum
130	0x082	LeatherPants	32	0	1	32	0	1	1683.7759797788	1663.0726668127	enum;price
131	0x083	RainbowLeatherPants	32	0	1	32	0	1			enum
132	0x084	Upgrade	32	0	1	32	0	1			enum
133	0x085	Camera	32	0	1	32	0	1	121.43952632529	135.95948840239	enum;price
134	0x086	Portal	32	0	1	32	0	1			enum
135	0x087	AmethystPortal	32	0	1	32	0	1			enum
136	0x088	SapphirePortal	32	0	1	32	0	1			enum
137	0x089	EmeraldPortal	32	0	1	32	0	1			enum
138	0x08A	RubyPortal	32	0	1	32	0	1			enum
139	0x08B	DiamondPortal	32	0	1	32	0	1			enum
140	0x08C	SunriseHatOfFullness	32	0	1	32	0	1			enum
141	0x08D	SunsetSkirtOfHappiness	32	0	1	32	0	1			enum
142	0x08E	NorthPoleHatOfWarmth	32	0	1	32	0	1			enum
143	0x08F	SouthPoleBootsOfSpeed	32	0	1	32	0	1			enum
144	0x090	Kelp	32	0	1	32	0	1	69.763044263983	103.48980550487	enum;price
145	0x091	AmethystChandelier	32	0	1	32	0	1	5665.3436354363	5669.4770324103	enum;price
146	0x092	SapphireChandelier	32	0	1	32	0	1	5970.3971713088	5998.7024074624	enum;price
147	0x093	EmeraldChandelier	32	0	1	32	0	1	5698.1907166756	5850.2277609454	enum;price
148	0x094	RubyChandelier	32	0	1	32	0	1	11870.438056754	11972.127261784	enum;price
149	0x095	DiamondChandelier	32	0	1	32	0	1	51703.055817975	47145.422121939	enum;price
150	0x096	SteelLantern	32	0	1	32	0	1	11805.407923331	11663.750357478	enum;price
151	0x097	RawFish	32	0	1	32	0	1	339.41907497982	314.05151706951	enum;price
152	0x098	CookedFish	32	0	1	32	0	1	6118.3571661052	5926.4162645969	enum;price
153	0x099	TinFoil	32	0	1	32	0	1	879.41539633234	1002.4474244964	enum;price
154	0x09A	TinFoilHat	32	0	1	32	0	1	705.53034974765	718.87027460967	enum;price
155	0x09B	Worm	32	0	1	32	0	1	70.976196299537	77.671067466178	enum;price
156	0x09C	FishingRod	32	0	1	32	0	1	1915.7939609888	1979.1048439945	enum;price
157	0x09D	SharkJaw	32	0	1	32	0	1			enum
158	0x09E	FishBucket	32	0	1	32	0	1	32191.490451198	33109.962322262	enum;price
159	0x09F	SharkBucket	32	0	1	32	0	1	71986.416702472	69048.042543202	enum;price
160	0x0A0	Lime	32	0	1	32	0	1	103.72826619314	106.15562972477	enum;price
161	0x0A1	Shelf	32	0	1	32	0	1	773.92834267823	746.35765499753	enum;price
162	0x0A2	TeleportHere	32	0	1	32	0	1			enum
163	0x0A3	Sign	32	0	1	32	0	1	3254.7537210838	2860.0323519936	enum;price
164	0x0A4	IronDoor	32	0	1	32	0	1	104085.44809957	98685.310417105	enum;price
165	0x0A5	IronTrapdoor	32	0	1	32	0	1	88021.065106767	86600.344111355	enum;price
166	0x0A6	CopperCoin	32	0	1	32	0	1			enum
167	0x0A7	GoldCoin	32	0	1	32	0	1			enum
168	0x0A8	Shop	304	16	9	305	17	9			enum;imagetype@0x004d7594
169	0x0A9	SoftBed	32	0	1	32	0	1	2391.8133570811	2444.3597621432	enum;price
170	0x0AA	GoldenBed	32	0	1	32	0	1	110601.1311412	106725.06089064	enum;price
171	0x0AB	BedBlanket	32	0	1	32	0	1			enum
172	0x0AC	RainbowSoftBed	32	0	1	32	0	1			enum
173	0x0AD	RainbowGoldenBed	32	0	1	32	0	1			enum
174	0x0AE	BlackWindow	118	22	3	118	22	3	12542.753988932	12511.799195311	enum;price;imagetype@0x004d7600
175	0x0AF	Magnet	32	0	1	32	0	1	51.171584203281	58.353933638612	enum;price
176	0x0B0	CopperBoiler	32	0	1	32	0	1	34.420066653513	39.534860872103	enum;price
177	0x0B1	ElectronicMotor	32	0	1	32	0	1	978.60807046925	1104.4166706406	enum;price
178	0x0B2	CopperWire	32	0	1	32	0	1	7157.0166360525	7034.4587458532	enum;price
179	0x0B3	SteamEngine	32	0	1	32	0	1	153.11720564224	178.56421910776	enum;price
180	0x0B4	IronPot	32	0	1	32	0	1	35.035640353988	44.831891490715	enum;price
181	0x0B5	FishCurry	32	0	1	32	0	1	20072.488934877	22244.386763509	enum;price
182	0x0B6	DodoStew	32	0	1	32	0	1	23467.43216271	23791.877050486	enum;price
183	0x0B7	IceTorch	32	0	1	32	0	1	52051.027005922	48878.9822122	enum;price
184	0x0B8	SiliconIngot	32	0	1	32	0	1	37.686967054885	47.156223948468	enum;price
185	0x0B9	SiliconCrystal	32	0	1	32	0	1	218.00855050681	258.44439233144	enum;price
186	0x0BA	SiliconWafer	32	0	1	32	0	1	224.76844951761	264.86398459518	enum;price
187	0x0BB	TinArmorLeggings	32	0	1	32	0	1	5640.2828664003	5778.6257534518	enum;price
188	0x0BC	TinChestPlate	32	0	1	32	0	1	8277.109104818	8586.2895032798	enum;price
189	0x0BD	TinHelmet	32	0	1	32	0	1	3132.3215968356	3255.7008639197	enum;price
190	0x0BE	TinBoots	32	0	1	32	0	1	3673.2134804445	3764.4380519716	enum;price
191	0x0BF	IronArmorLeggings	32	0	1	32	0	1	13391.944177244	13808.24201141	enum;price
192	0x0C0	IronChestPlate	32	0	1	32	0	1	23088.604295495	23397.513563447	enum;price
193	0x0C1	IronHelmet	32	0	1	32	0	1	4909.2030922988	5093.7004453296	enum;price
194	0x0C2	IronBoots	32	0	1	32	0	1	7530.1729522393	7664.574766711	enum;price
195	0x0C3	IceArmorLeggings	32	0	1	32	0	1	100386.78394391	102268.49677515	enum;price
196	0x0C4	IceChestPlate	32	0	1	32	0	1	116538.03768991	124001.44089078	enum;price
197	0x0C5	IceHelmet	32	0	1	32	0	1	50333.621363163	51531.067396017	enum;price
198	0x0C6	IceBoots	32	0	1	32	0	1	60966.825495011	60095.663668805	enum;price
199	0x0C7	Rail	32	0	1	32	0	1	18236.579721011	21335.543719282	enum;price
200	0x0C8	TrainStation	32	0	1	32	0	1			enum
201	0x0C9	PigIron	32	0	1	32	0	1	4026.7182698833	4243.0663648855	enum;price
202	0x0CA	CrushedLimestone	32	0	1	32	0	1	35.62019856601	40.538617626438	enum;price
203	0x0CB	TrainWheel	32	0	1	32	0	1	384.14738038377	441.05489721635	enum;price
204	0x0CC	RailHandcar	32	0	1	32	0	1	12405.811653825	12549.683573972	enum;price
205	0x0CD	SteamLocomotive	32	0	1	32	0	1	10997.234335758	11225.355738371	enum;price
206	0x0CE	FreightCar	32	0	1	32	0	1	1411.1354141128	1472.1561965264	enum;price
207	0x0CF	DisplayCabinet	32	0	1	32	0	1	74543.99421772	76318.935952751	enum;price
208	0x0D0	PassengerCar	32	0	1	32	0	1	21010.665915705	22362.058318905	enum;price
209	0x0D1	Crowbar	32	0	1	32	0	1	2293.5926059145	2465.8483538467	enum;price
210	0x0D2	TradePortal	32	0	1	32	0	1			enum
211	0x0D3	DeprecatedGoldChest	32	0	1	32	0	1			enum
212	0x0D4	LargeSquarePainting	32	0	1	32	0	1			enum
213	0x0D5	LargeLandscapePainting	32	0	1	32	0	1			enum
214	0x0D6	LargePortraitPainting	32	0	1	32	0	1			enum
215	0x0D7	MedSquarePainting	32	0	1	32	0	1			enum
216	0x0D8	MedLandscapePainting	32	0	1	32	0	1			enum
217	0x0D9	MedPortraitPainting	32	0	1	32	0	1			enum
218	0x0DA	SmallSquarePainting	32	0	1	32	0	1			enum
219	0x0DB	SmallLandscapePainting	32	0	1	32	0	1			enum
220	0x0DC	SmallPortraitPainting	32	0	1	32	0	1			enum
221	0x0DD	Easel	32	0	1	32	0	1			enum
222	0x0DE	StoneColumn	32	0	1	32	0	1	9.0598078975457	9.7843567939002	enum;price
223	0x0DF	LimestoneColumn	32	0	1	32	0	1	3.1571474767223	3.6951232587	enum;price
224	0x0E0	MarbleColumn	32	0	1	32	0	1	176.08345505939	189.48211638082	enum;price
225	0x0E1	SandstoneColumn	32	0	1	32	0	1	1.1392744243234	1.4300988678199	enum;price
226	0x0E2	RedMarbleColumn	32	0	1	32	0	1	10.640972718888	12.779719117604	enum;price
227	0x0E3	LapisLazuliColumn	32	0	1	32	0	1	12.433615742517	14.327018795358	enum;price
228	0x0E4	BasaltColumn	32	0	1	32	0	1	18.543753220487	22.643712253653	enum;price
229	0x0E5	StoneStairs	32	0	1	32	0	1	9.5617405415762	11.654808311391	enum;price
230	0x0E6	LimestoneStairs	32	0	1	32	0	1	2.1363744458062	2.307228813185	enum;price
231	0x0E7	MarbleStairs	32	0	1	32	0	1	109.43256549403	118.75302873263	enum;price
232	0x0E8	SandstoneStairs	32	0	1	32	0	1	1.0872943158246	1.3431837400704	enum;price
233	0x0E9	RedMarbleStairs	32	0	1	32	0	1	4.5890581043515	5.7020500449654	enum;price
234	0x0EA	LapisLazuliStairs	32	0	1	32	0	1	5.7606872476066	6.9213053841167	enum;price
235	0x0EB	BasaltStairs	32	0	1	32	0	1	5.4820038261102	6.6967341401768	enum;price
236	0x0EC	CopperColumn	32	0	1	32	0	1	1.3845483122553	1.7819859574199	enum;price
237	0x0ED	TinColumn	32	0	1	32	0	1	3.6957352017108	4.5920680440088	enum;price
238	0x0EE	BronzeColumn	32	0	1	32	0	1	3.1954276868607	3.9815539803274	enum;price
239	0x0EF	IronColumn	32	0	1	32	0	1	7.3643026491457	9.2423513771969	enum;price
240	0x0F0	SteelColumn	32	0	1	32	0	1	506.72794321838	554.52535239588	enum;price
241	0x0F1	GoldColumn	32	0	1	32	0	1	1824.5366224161	2084.3741000236	enum;price
242	0x0F2	WoodColumn	32	0	1	32	0	1	2.4695185107294	2.7367271219105	enum;price
243	0x0F3	BrickColumn	32	0	1	32	0	1	1.0792807652769	1.348032809356	enum;price
244	0x0F4	IceColumn	32	0	1	32	0	1	34.467549661155	40.147605558293	enum;price
245	0x0F5	CopperStairs	32	0	1	32	0	1	0.68170205085594	0.81822732101386	enum;price
246	0x0F6	TinStairs	32	0	1	32	0	1	1.8437113804958	2.332949589356	enum;price
247	0x0F7	BronzeStairs	32	0	1	32	0	1	1.533996771248	1.9244275145655	enum;price
248	0x0F8	IronStairs	32	0	1	32	0	1	10.93721254568	13.600710309406	enum;price
249	0x0F9	SteelStairs	32	0	1	32	0	1	1000.3753667029	1157.5655609704	enum;price
250	0x0FA	GoldStairs	32	0	1	32	0	1	1291.5602492118	1452.6536567201	enum;price
251	0x0FB	WoodStairs	32	0	1	32	0	1	4.4760468612454	5.2408583346963	enum;price
252	0x0FC	BrickStairs	32	0	1	32	0	1	1.4841019292306	1.8242331699923	enum;price
253	0x0FD	IceStairs	32	0	1	32	0	1	28.766024977265	32.915304486679	enum;price
254	0x0FE	SteelDownlight	32	0	1	32	0	1	3884.4422275574	4152.5198009558	enum;price
255	0x0FF	Poison	32	0	1	32	0	1	350.28084782354	402.57379603009	enum;price
256	0x100	PoisonArrow	32	0	1	32	0	1			enum
257	0x101	GoldBowAndPoisonArrows	32	0	1	32	0	1	120413.67619122	125239.29908654	enum;price
258	0x102	SteelUplight	32	0	1	32	0	1	1501.0571500359	1564.4010176795	enum;price
259	0x103	WorldCredit	32	0	1	32	0	1			enum
260	0x104	PlatiumCoin	32	0	1	32	0	1			enum
261	0x105	PlatiumNugget	32	0	1	32	0	1	3014.4360624843	3014.4360624843	enum;price
262	0x106	PlatiumIngot	32	0	1	32	0	1	10040.084123342	10040.084123342	enum;price
263	0x107	PlatiumStairs	32	0	1	32	0	1	25291.717864926	25291.717864926	enum;price
264	0x108	PlatiumColumn	32	0	1	32	0	1	25520.393691562	25520.393691562	enum;price
265	0x109	GlassStairs	32	0	1	32	0	1	1005.2140662461	1005.2140662461	enum;price
266	0x10A	GlassColumn	32	0	1	32	0	1	1000.60024008	1000.60024008	enum;price
267	0x10B	BlackGlassStairs	32	0	1	32	0	1	1502.1016810085	1502.1016810085	enum;price
268	0x10C	BlackGlassColumn	32	0	1	32	0	1	1511.1422898877	1511.1422898877	enum;price
269	0x10D	Fuel	32	0	1	32	0	1	11448.713738708	11448.713738708	enum;price
270	0x10E	Refinery	32	0	1	32	0	1			enum
271	0x10F	Epoxy	32	0	1	32	0	1	9994.00119992	9994.00119992	enum;price
272	0x110	RawResin	32	0	1	32	0	1	7998.4	7998.4	enum;price
273	0x111	CarbonFibers	32	0	1	32	0	1	6002.400720192	6002.400720192	enum;price
274	0x112	CarbonFiberSheet	32	0	1	32	0	1	15765.991472623	15750.231786286	enum;price
275	0x113	CarbonFiberWing	32	0	1	32	0	1	80016.00320064	80016.00320064	enum;price
276	0x114	JetpackChassis	32	0	1	32	0	1	695533.86026424	695533.86026424	enum;price
277	0x115	JetEngine	32	0	1	32	0	1	700000	700000	enum;price
278	0x116	Jetpack	32	0	1	32	0	1	2000000	2000000	enum;price
279	0x117	TitaniumOre	32	0	1	32	0	1	65153.941677951	64492.683495216	enum;price
280	0x118	TitaniumIngot	32	0	1	32	0	1	217223.25024317	214288.72061386	enum;price
281	0x119	TitaniumStairs	32	0	1	32	0	1	500300.12004001	500300.12004001	enum;price
282	0x11A	TitaniumColumn	32	0	1	32	0	1	500700.56033616	500700.56033616	enum;price
283	0x11B	CarbonFiberStairs	32	0	1	32	0	1	15000	15000	enum;price
284	0x11C	CarbonFiberColumn	32	0	1	32	0	1	15187.176815972	15187.176815972	enum;price
285	0x11D	TitaniumPickaxe	32	0	1	32	0	1	999799.99999999	999799.99999999	enum;price
286	0x11E	TitaniumSword	32	0	1	32	0	1	622120.17140809	622120.17140809	enum;price
287	0x11F	TitaniumLeggings	32	0	1	32	0	1	603731.93023339	603731.93023339	enum;price
288	0x120	TitaniumChestPlate	32	0	1	32	0	1	1000000	1000000	enum;price
289	0x121	TitaniumHelmet	32	0	1	32	0	1	402568.46718237	402568.46718237	enum;price
290	0x122	TitaniumBoots	32	0	1	32	0	1	402407.45589821	402407.45589821	enum;price
291	0x123	CarbonFiberLeggings	32	0	1	32	0	1	62498.880386517	62561.416783738	enum;price
292	0x124	CarbonFiberChestPlate	32	0	1	32	0	1	104227.32453246	104227.32453246	enum;price
293	0x125	CarbonFiberHelmet	32	0	1	32	0	1	52082.400322096	52134.513986448	enum;price
294	0x126	CarbonFiberBoots	32	0	1	32	0	1	52061.569445264	52113.662266234	enum;price
295	0x127	Vine	32	0	1	32	0	1	933.88045550246	937.81139571809	enum;price
296	0x128	TulipBulb	32	0	1	32	0	1			enum
297	0x129	TulipSeed	32	0	1	32	0	1			enum
298	0x12A	Coins	32	0	1	32	0	1			enum
299	0x12B	RandomOre	32	0	1	32	0	1			enum
300	0x12C	ElectricSluice	32	0	1	32	0	1			enum
301	0x12D	OwnershipSign	32	0	1	32	0	1			enum
302	0x12E	Cage	32	0	1	32	0	1			enum
303	0x12F	CagedDodo	32	0	1	32	0	1			enum
304	0x130	WoodenGate	32	0	1	32	0	1			enum
305	0x131	AmethystShard	32	0	1	32	0	1			enum
306	0x132	SapphireShard	32	0	1	32	0	1			enum
307	0x133	EmeraldShard	32	0	1	32	0	1			enum
308	0x134	RubyShard	32	0	1	32	0	1			enum
309	0x135	DiamondShard	32	0	1	32	0	1			enum
310	0x136	Wheat	32	0	1	32	0	1			enum
311	0x137	Flour	32	0	1	32	0	1			enum
312	0x138	Yeast	32	0	1	32	0	1			enum
313	0x139	Salt	32	0	1	32	0	1			enum
314	0x13A	Dough	32	0	1	32	0	1			enum
315	0x13B	Bread	32	0	1	32	0	1			enum
316	0x13C	Tomato	32	0	1	32	0	1			enum
317	0x13D	Pizza	32	0	1	32	0	1			enum
318	0x13E	Flatbread	32	0	1	32	0	1			enum
319	0x13F	Milk	32	0	1	32	0	1			enum
320	0x140	Mozzarella	32	0	1	32	0	1			enum
321	0x141	YakHorn	32	0	1	32	0	1			enum
322	0x142	Razor	32	0	1	32	0	1			enum
323	0x143	YakShavings	32	0	1	32	0	1			enum
324	0x144	CagedDonkey	32	0	1	32	0	1			enum
325	0x145	CagedYak	32	0	1	32	0	1			enum
326	0x146	CagedDropbear	32	0	1	32	0	1			enum
327	0x147	CagedScorpion	32	0	1	32	0	1			enum
328	0x148	RainbowCake	32	0	1	32	0	1			enum
329	0x149	RainbowEssence	32	0	1	32	0	1			enum
330	0x14A	CagedUnicorn	32	0	1	32	0	1			enum
331	0x14B	Mirror	32	0	1	32	0	1			enum
332	0x14C	PlasterColumn	32	0	1	32	0	1			enum
333	0x14D	PlasterStairs	32	0	1	32	0	1			enum
334	0x14E	AmethystColumn	32	0	1	32	0	1			enum
335	0x14F	SapphireColumn	32	0	1	32	0	1			enum
336	0x150	EmeraldColumn	32	0	1	32	0	1			enum
337	0x151	RubyColumn	32	0	1	32	0	1			enum
338	0x152	DiamondColumn	32	0	1	32	0	1			enum
339	0x153	AmethystStairs	32	0	1	32	0	1			enum
340	0x154	SapphireStairs	32	0	1	32	0	1			enum
341	0x155	EmeraldStairs	32	0	1	32	0	1			enum
342	0x156	RubyStairs	32	0	1	32	0	1			enum
343	0x157	DiamondStairs	32	0	1	32	0	1			enum
1024	0x400	Stone	33	1	1	33	1	1	0.20045454643897	0.1911602395148	enum;tile10(MinedStone);price;imagetype@0x004d73c0
1025	0x401	Kiln	32	0	1	32	0	1			enum;imagetype(default)@0x004d769c
1026	0x402	Brick	34	2	1	34	2	1	509.81689995207	558.46391735394	enum;tile11(RedBrick);price;imagetype@0x004d73cc
1027	0x403	Limestone	66	2	2	66	2	2			enum;imagetype@0x004d73e4
1028	0x404	MinedLimestone	35	3	1	35	3	1	1.3030288149321	1.3011136082169	enum;price;imagetype@0x004d73f0
1029	0x405	Marble	67	3	2	67	3	2			enum;imagetype@0x004d7414
1030	0x406	MinedMarble	76	12	2	76	12	2	112.04023064263	113.70288070679	enum;tile14(Marble);tile15(MinedMarble);price;imagetype@0x004d7420
1031	0x407	Furnace	32	0	1	32	0	1			enum;imagetype(default)@0x004d769c
1032	0x408	WoodworkBench	32	0	1	32	0	1			enum;imagetype(default)@0x004d769c
1033	0x409	TaylorsBench	32	0	1	32	0	1			enum;imagetype(default)@0x004d769c
1034	0x40A	Press	32	0	1	32	0	1			enum;imagetype(default)@0x004d769c
1035	0x40B	Sandstone	79	15	2	79	15	2			enum;imagetype@0x004d75b8
1036	0x40C	MinedSandstone	80	16	2	80	16	2	31.982495437481	35.259244287098	enum;tile17(SandStone);tile18(MinedSandStone);price;imagetype@0x004d75c4
1037	0x40D	RedMarble	81	17	2	81	17	2			enum;imagetype@0x004d75d0
1038	0x40E	MinedRedMarble	82	18	2	82	18	2	1133.4502703491	1091.1058946499	enum;tile19(RedMarble);tile20(MinedRedMarble);price;imagetype@0x004d75dc
1039	0x40F	WovenFlaxMat	32	0	1	32	0	1			enum;tile21(?);imagetype(default)@0x004d769c
1040	0x410	YellowFlaxMat	32	0	1	32	0	1			enum;tile22(?);imagetype(default)@0x004d769c
1041	0x411	RedFlaxMat	32	0	1	32	0	1			enum;tile23(?);imagetype(default)@0x004d769c
1042	0x412	Glass	108	12	3	108	12	3	1618.9886727666	1167.0721786926	enum;tile24(Glass);price;imagetype@0x004d75e8
1043	0x413	Chest	342	22	10	343	23	10	2679.3365172161	2450.983914728	enum;price;imagetype@0x004d74e0
1044	0x414	DeprecatedFood	32	0	1	32	0	1			enum;imagetype(default)@0x004d769c
1045	0x415	GoldBlock	85	21	2	85	21	2	13920.93473287	11173.010209991	enum;tile26(GoldBlock);price;imagetype@0x004d742c
1046	0x416	DeprecatedMango	32	0	1	32	0	1			enum;imagetype(default)@0x004d769c
1047	0x417	Rock	32	0	1	32	0	1			enum;imagetype(default)@0x004d73b4
1048	0x418	Dirt	64	0	2	64	0	2	1.3733251519801	1.236832533754	enum;price;imagetype@0x004d7498
1049	0x419	Wood	196	4	6	196	4	6	310.10648139954	294.6062896238	enum;tile9(Wood);price;imagetype@0x004d74c8
1050	0x41A	WorkBench	32	0	1	32	0	1			enum;imagetype(default)@0x004d769c
1051	0x41B	Sand	65	1	2	65	1	2	2.0114013850799	2.0092486233056	enum;tile7(Sand);tile8(MinedSand);price;imagetype@0x004d74b0
1052	0x41C	ToolBench	32	0	1	32	0	1			enum;imagetype(default)@0x004d769c
1053	0x41D	LapisLazuli	86	22	2	86	22	2			enum;imagetype@0x004d7624
1054	0x41E	MinedLapisLazuli	87	23	2	87	23	2	877.8790938181	944.11256919947	enum;tile29(LapisLazuli);tile30(MinedLapisLazuli);price;imagetype@0x004d763c
1055	0x41F	CraftBench	32	0	1	32	0	1			enum;imagetype(default)@0x004d769c
1056	0x420	MixingBench	32	0	1	32	0	1			enum;imagetype(default)@0x004d769c
1057	0x421	ReinforcedPlatform	164	4	5	164	4	5	5723.3361420167	6235.6929109737	enum;tile32(ReinforcedPlatform);price;imagetype@0x004d74d4
1058	0x422	DeprecatedStonePickaxe	32	0	1	32	0	1			enum;imagetype(default)@0x004d769c
1059	0x423	DeprecatedCopperIngot	32	0	1	32	0	1			enum;imagetype(default)@0x004d769c
1060	0x424	Ice	110	14	3	110	14	3	259.87081616958	240.59287579236	enum;tile4(Ice);price;imagetype@0x004d7618
1061	0x425	DyeBench	32	0	1	32	0	1			enum;imagetype(default)@0x004d769c
1062	0x426	Compost	97	1	3	97	1	3	2427.540824983	2614.87272981	enum;tile48(Compost);tile49(GrassCompost);tile50(SnowCompost);price;imagetype@0x004d74a4
1063	0x427	Basalt	88	24	2	88	24	2	899.84726445993	1035.426120857	enum;tile51(Basalt);tile52(MinedBasalt);price;imagetype@0x004d7630
1064	0x428	MinedBasalt	88	24	2	88	24	2			enum;imagetype@0x004d7630
1065	0x429	Safe	298	10	9	299	11	9	120544.90314003	111602.54674207	enum;price;imagetype@0x004d7570
1066	0x42A	CopperBlock	112	16	3	112	16	3	1695.3495044237	1604.821737522	enum;tile53(CopperBlock);price;imagetype@0x004d745c
1067	0x42B	TinBlock	113	17	3	113	17	3	5435.1729980277	5446.759353379	enum;tile54(TinBlock);price;imagetype@0x004d7468
1068	0x42C	BronzeBlock	114	18	3	114	18	3	3157.7354212563	3275.8849936184	enum;tile55(BronzeBlock);price;imagetype@0x004d7474
1069	0x42D	IronBlock	115	19	3	115	19	3	18409.99041325	21103.446821978	enum;tile56(IronBlock);price;imagetype@0x004d7480
1070	0x42E	SteelBlock	116	20	3	116	20	3	16942.456524959	12442.537867933	enum;tile57(SteelBlock);price;imagetype@0x004d748c
1071	0x42F	MetalworkBench	32	0	1	32	0	1			enum;imagetype(default)@0x004d769c
1072	0x430	GoldenChest	302	14	9	303	15	9	17496.68805467	17221.167161098	enum;price;imagetype@0x004d7504
1073	0x431	DeprecatedBronzeMachete	32	0	1	32	0	1			enum;imagetype(default)@0x004d769c
1074	0x432	PortalChest	311	23	9	312	24	9			enum;imagetype@0x004d754c
1075	0x433	BlackSand	89	25	2	89	25	2	516.72287833613	523.13376677569	enum;tile58(BlackSand);price;imagetype@0x004d74bc
1076	0x434	BlackGlass	117	21	3	117	21	3	1252.6197947081	1320.4488568801	enum;tile59(BlackGlass);price;imagetype@0x004d75f4
1077	0x435	SteamGenerator	32	0	1	32	0	1	45970.973015548	46504.104772206	enum;price;imagetype(default)@0x004d769c
1078	0x436	ElectricKiln	32	0	1	32	0	1			enum;imagetype(default)@0x004d769c
1079	0x437	ElectricFurnace	32	0	1	32	0	1			enum;imagetype(default)@0x004d769c
1080	0x438	ElectricMetalworkBench	32	0	1	32	0	1			enum;imagetype(default)@0x004d769c
1081	0x439	ElectricStove	32	0	1	32	0	1			enum;imagetype(default)@0x004d769c
1082	0x43A	SolarPanel	32	0	1	32	0	1	38746.809615057	40060.107257052	enum;price;imagetype(default)@0x004d769c
1083	0x43B	Flywheel	32	0	1	32	0	1	54265.934761836	59041.132737913	enum;price;imagetype(default)@0x004d769c
1084	0x43C	ArmorBench	32	0	1	32	0	1			enum;imagetype(default)@0x004d769c
1085	0x43D	TrainYard	32	0	1	32	0	1			enum;imagetype(default)@0x004d769c
1086	0x43E	BuildersBench	32	0	1	32	0	1			enum;imagetype(default)@0x004d769c
1087	0x43F	ElevatorShaft	583	7	18	583	7	18	52758.834012318	49841.840118265	enum;price;imagetype@0x004d7654
1088	0x440	ElectricElevatorMotor	584	8	18	584	8	18	5185.2391018362	5527.5882702892	enum;price;imagetype@0x004d7648
1089	0x441	PlatiumBlock	672	0	21	672	0	21	54983.465166398	54983.465166398	enum;tile67(PlatinumBlock);price;imagetype@0x004d7438
1090	0x442	CarbonFiberBlock	188	28	5	188	28	5	31399.813150335	31399.813150335	enum;tile69(CarbonFiberBlock);price;imagetype@0x004d7444
1091	0x443	TitaniumBlock	190	30	5	190	30	5	999800	999800	enum;tile68(TitaniumBlock);price;imagetype@0x004d7450
1092	0x444	DeprecatedIronSword	32	0	1	32	0	1			enum;imagetype(default)@0x004d769c
1093	0x445	ElectricPress	32	0	1	32	0	1			enum;imagetype(default)@0x004d769c
1094	0x446	Gravel	478	30	14	478	30	14	740.94418234134	740.94418234134	enum;tile70(Gravel);price;imagetype@0x004d73d8
1095	0x447	CompostBin	32	0	1	32	0	1			enum;imagetype(default)@0x004d769c
1096	0x448	EggExtractor	32	0	1	32	0	1			enum;imagetype(default)@0x004d769c
1097	0x449	PizzaOven	32	0	1	32	0	1			enum;imagetype(default)@0x004d769c
1098	0x44A	AmethystBlock	697	25	21	697	25	21			enum;tile71(AmethystBlock);imagetype@0x004d7660
1099	0x44B	SapphireBlock	698	26	21	698	26	21			enum;tile72(SapphireBlock);imagetype@0x004d766c
1100	0x44C	EmeraldBlock	699	27	21	699	27	21			enum;tile73(EmeraldBlock);imagetype@0x004d7678
1101	0x44D	RubyBlock	700	28	21	700	28	21			enum;tile74(RubyBlock);imagetype@0x004d7684
1102	0x44E	DiamondBlock	701	29	21	701	29	21			enum;tile75(DiamondBlock);imagetype@0x004d7690
1103	0x44F	Plaster	741	5	23	741	5	23			enum;tile76(Plaster);imagetype@0x004d73fc
1104	0x450	FeederChest	742	6	23	743	7	23			enum;imagetype@0x004d7528
1105	0x451	LuminousPlaster	746	10	23	746	10	23			enum;tile77(LuminousPlaster);imagetype@0x004d7408
