item_type	atlas	image	col	row	u	v	u_span	v_span	source
0	Items.png		0	0	0.00048828125	0.00048828125	0.0615234375	0.0302734375	formula@0x4d6040
1	Items.png		1	0	0.03173828125	0.00048828125	0.0615234375	0.0302734375	formula@0x4d6040
2	Items.png		2	0	0.06298828125	0.00048828125	0.0615234375	0.0302734375	formula@0x4d6040
3	Items.png		3	0	0.09423828125	0.00048828125	0.0615234375	0.0302734375	formula@0x4d6040
4	Items.png		4	0	0.12548828125	0.00048828125	0.0615234375	0.0302734375	formula@0x4d6040
5	Items.png		5	0	0.15673828125	0.00048828125	0.0615234375	0.0302734375	formula@0x4d6040
6	Items.png		6	0	0.18798828125	0.00048828125	0.0615234375	0.0302734375	formula@0x4d6040
7	Items.png		7	0	0.21923828125	0.00048828125	0.0615234375	0.0302734375	formula@0x4d6040
8	Items.png		8	0	0.25048828125	0.00048828125	0.0615234375	0.0302734375	formula@0x4d6040
9	Items.png		9	0	0.28173828125	0.00048828125	0.0615234375	0.0302734375	formula@0x4d6040
10	Items.png		10	0	0.31298828125	0.00048828125	0.0615234375	0.0302734375	formula@0x4d6040
11	Items.png		11	0	0.34423828125	0.00048828125	0.0615234375	0.0302734375	formula@0x4d6040
12	Items.png		12	0	0.37548828125	0.00048828125	0.0615234375	0.0302734375	formula@0x4d6040
13	Items.png		13	0	0.40673828125	0.00048828125	0.0615234375	0.0302734375	formula@0x4d6040
14	Items.png		14	0	0.43798828125	0.00048828125	0.0615234375	0.0302734375	formula@0x4d6040
15	Items.png		15	0	0.46923828125	0.00048828125	0.0615234375	0.0302734375	formula@0x4d6040
16	Items.png		16	0	0.50048828125	0.00048828125	0.0615234375	0.0302734375	formula@0x4d6040
17	Items.png		17	0	0.53173828125	0.00048828125	0.0615234375	0.0302734375	formula@0x4d6040
18	Items.png		18	0	0.56298828125	0.00048828125	0.0615234375	0.0302734375	formula@0x4d6040
19	Items.png		19	0	0.59423828125	0.00048828125	0.0615234375	0.0302734375	formula@0x4d6040
20	Items.png		20	0	0.62548828125	0.00048828125	0.0615234375	0.0302734375	formula@0x4d6040
21	Items.png		21	0	0.65673828125	0.00048828125	0.0615234375	0.0302734375	formula@0x4d6040
22	Items.png		22	0	0.68798828125	0.00048828125	0.0615234375	0.0302734375	formula@0x4d6040
23	Items.png		23	0	0.71923828125	0.00048828125	0.0615234375	0.0302734375	formula@0x4d6040
24	Items.png		24	0	0.75048828125	0.00048828125	0.0615234375	0.0302734375	formula@0x4d6040
25	Items.png		25	0	0.78173828125	0.00048828125	0.0615234375	0.0302734375	formula@0x4d6040
26	Items.png		26	0	0.81298828125	0.00048828125	0.0615234375	0.0302734375	formula@0x4d6040
27	Items.png		27	0	0.84423828125	0.00048828125	0.0615234375	0.0302734375	formula@0x4d6040
28	Items.png		28	0	0.87548828125	0.00048828125	0.0615234375	0.0302734375	formula@0x4d6040
29	Items.png		29	0	0.90673828125	0.00048828125	0.0615234375	0.0302734375	formula@0x4d6040
30	Items.png		30	0	0.93798828125	0.00048828125	0.0615234375	0.0302734375	formula@0x4d6040
31	Items.png		31	0	0.96923828125	0.00048828125	0.0615234375	0.0302734375	formula@0x4d6040
32	Items.png		0	1	0.00048828125	0.06298828125	0.0615234375	0.0302734375	formula@0x4d6040
33	Items.png		1	1	0.03173828125	0.06298828125	0.0615234375	0.0302734375	formula@0x4d6040
34	Items.png		2	1	0.06298828125	0.06298828125	0.0615234375	0.0302734375	formula@0x4d6040
35	Items.png		3	1	0.09423828125	0.06298828125	0.0615234375	0.0302734375	formula@0x4d6040
36	Items.png		4	1	0.12548828125	0.06298828125	0.0615234375	0.0302734375	formula@0x4d6040
37	Items.png		5	1	0.15673828125	0.06298828125	0.0615234375	0.0302734375	formula@0x4d6040
38	Items.png		6	1	0.18798828125	0.06298828125	0.0615234375	0.0302734375	formula@0x4d6040
39	Items.png		7	1	0.21923828125	0.06298828125	0.0615234375	0.0302734375	formula@0x4d6040
40	Items.png		8	1	0.25048828125	0.06298828125	0.0615234375	0.0302734375	formula@0x4d6040
41	Items.png		9	1	0.28173828125	0.06298828125	0.0615234375	0.0302734375	formula@0x4d6040
42	Items.png		10	1	0.31298828125	0.06298828125	0.0615234375	0.0302734375	formula@0x4d6040
43	Items.png		11	1	0.34423828125	0.06298828125	0.0615234375	0.0302734375	formula@0x4d6040
44	Items.png		12	1	0.37548828125	0.06298828125	0.0615234375	0.0302734375	formula@0x4d6040
45	Items.png		13	1	0.40673828125	0.06298828125	0.0615234375	0.0302734375	formula@0x4d6040
46	Items.png		14	1	0.43798828125	0.06298828125	0.0615234375	0.0302734375	formula@0x4d6040
47	Items.png		15	1	0.46923828125	0.06298828125	0.0615234375	0.0302734375	formula@0x4d6040
48	Items.png		16	1	0.50048828125	0.06298828125	0.0615234375	0.0302734375	formula@0x4d6040
49	Items.png		17	1	0.53173828125	0.06298828125	0.0615234375	0.0302734375	formula@0x4d6040
50	Items.png		18	1	0.56298828125	0.06298828125	0.0615234375	0.0302734375	formula@0x4d6040
51	Items.png		19	1	0.59423828125	0.06298828125	0.0615234375	0.0302734375	formula@0x4d6040
52	Items.png		20	1	0.62548828125	0.06298828125	0.0615234375	0.0302734375	formula@0x4d6040
53	Items.png		21	1	0.65673828125	0.06298828125	0.0615234375	0.0302734375	formula@0x4d6040
54	Items.png		22	1	0.68798828125	0.06298828125	0.0615234375	0.0302734375	formula@0x4d6040
55	Items.png		23	1	0.71923828125	0.06298828125	0.0615234375	0.0302734375	formula@0x4d6040
56	Items.png		24	1	0.75048828125	0.06298828125	0.0615234375	0.0302734375	formula@0x4d6040
57	Items.png		25	1	0.78173828125	0.06298828125	0.0615234375	0.0302734375	formula@0x4d6040
58	Items.png		26	1	0.81298828125	0.06298828125	0.0615234375	0.0302734375	formula@0x4d6040
59	Items.png		27	1	0.84423828125	0.06298828125	0.0615234375	0.0302734375	formula@0x4d6040
60	Items.png		28	1	0.87548828125	0.06298828125	0.0615234375	0.0302734375	formula@0x4d6040
61	Items.png		29	1	0.90673828125	0.06298828125	0.0615234375	0.0302734375	formula@0x4d6040
62	Items.png		30	1	0.93798828125	0.06298828125	0.0615234375	0.0302734375	formula@0x4d6040
63	Items.png		31	1	0.96923828125	0.06298828125	0.0615234375	0.0302734375	formula@0x4d6040
64	Items.png		0	2	0.00048828125	0.12548828125	0.0615234375	0.0302734375	formula@0x4d6040
65	Items.png		1	2	0.03173828125	0.12548828125	0.0615234375	0.0302734375	formula@0x4d6040
66	Items.png		2	2	0.06298828125	0.12548828125	0.0615234375	0.0302734375	formula@0x4d6040
67	Items.png		3	2	0.09423828125	0.12548828125	0.0615234375	0.0302734375	formula@0x4d6040
68	Items.png		4	2	0.12548828125	0.12548828125	0.0615234375	0.0302734375	formula@0x4d6040
69	Items.png		5	2	0.15673828125	0.12548828125	0.0615234375	0.0302734375	formula@0x4d6040
70	Items.png		6	2	0.18798828125	0.12548828125	0.0615234375	0.0302734375	formula@0x4d6040
71	Items.png		7	2	0.21923828125	0.12548828125	0.0615234375	0.0302734375	formula@0x4d6040
72	Items.png		8	2	0.25048828125	0.12548828125	0.0615234375	0.0302734375	formula@0x4d6040
73	Items.png		9	2	0.28173828125	0.12548828125	0.0615234375	0.0302734375	formula@0x4d6040
74	Items.png		10	2	0.31298828125	0.12548828125	0.0615234375	0.0302734375	formula@0x4d6040
75	Items.png		11	2	0.34423828125	0.12548828125	0.0615234375	0.0302734375	formula@0x4d6040
76	Items.png		12	2	0.37548828125	0.12548828125	0.0615234375	0.0302734375	formula@0x4d6040
77	Items.png		13	2	0.40673828125	0.12548828125	0.0615234375	0.0302734375	formula@0x4d6040
78	Items.png		14	2	0.43798828125	0.12548828125	0.0615234375	0.0302734375	formula@0x4d6040
79	Items.png		15	2	0.46923828125	0.12548828125	0.0615234375	0.0302734375	formula@0x4d6040
80	Items.png		16	2	0.50048828125	0.12548828125	0.0615234375	0.0302734375	formula@0x4d6040
81	Items.png		17	2	0.53173828125	0.12548828125	0.0615234375	0.0302734375	formula@0x4d6040
82	Items.png		18	2	0.56298828125	0.12548828125	0.0615234375	0.0302734375	formula@0x4d6040
83	Items.png		19	2	0.59423828125	0.12548828125	0.0615234375	0.0302734375	formula@0x4d6040
84	Items.png		20	2	0.62548828125	0.12548828125	0.0615234375	0.0302734375	formula@0x4d6040
85	Items.png		21	2	0.65673828125	0.12548828125	0.0615234375	0.0302734375	formula@0x4d6040
86	Items.png		22	2	0.68798828125	0.12548828125	0.0615234375	0.0302734375	formula@0x4d6040
87	Items.png		23	2	0.71923828125	0.12548828125	0.0615234375	0.0302734375	formula@0x4d6040
88	Items.png		24	2	0.75048828125	0.12548828125	0.0615234375	0.0302734375	formula@0x4d6040
89	Items.png		25	2	0.78173828125	0.12548828125	0.0615234375	0.0302734375	formula@0x4d6040
90	Items.png		26	2	0.81298828125	0.12548828125	0.0615234375	0.0302734375	formula@0x4d6040
91	Items.png		27	2	0.84423828125	0.12548828125	0.0615234375	0.0302734375	formula@0x4d6040
92	Items.png		28	2	0.87548828125	0.12548828125	0.0615234375	0.0302734375	formula@0x4d6040
93	Items.png		29	2	0.90673828125	0.12548828125	0.0615234375	0.0302734375	formula@0x4d6040
94	Items.png		30	2	0.93798828125	0.12548828125	0.0615234375	0.0302734375	formula@0x4d6040
95	Items.png		31	2	0.96923828125	0.12548828125	0.0615234375	0.0302734375	formula@0x4d6040
96	Items.png		0	3	0.00048828125	0.18798828125	0.0615234375	0.0302734375	formula@0x4d6040
97	Items.png		1	3	0.03173828125	0.18798828125	0.0615234375	0.0302734375	formula@0x4d6040
98	Items.png		2	3	0.06298828125	0.18798828125	0.0615234375	0.0302734375	formula@0x4d6040
99	Items.png		3	3	0.09423828125	0.18798828125	0.0615234375	0.0302734375	formula@0x4d6040
100	Items.png		4	3	0.12548828125	0.18798828125	0.0615234375	0.0302734375	formula@0x4d6040
101	Items.png		5	3	0.15673828125	0.18798828125	0.0615234375	0.0302734375	formula@0x4d6040
102	Items.png		6	3	0.18798828125	0.18798828125	0.0615234375	0.0302734375	formula@0x4d6040
103	Items.png		7	3	0.21923828125	0.18798828125	0.0615234375	0.0302734375	formula@0x4d6040
104	Items.png		8	3	0.25048828125	0.18798828125	0.0615234375	0.0302734375	formula@0x4d6040
105	Items.png		9	3	0.28173828125	0.18798828125	0.0615234375	0.0302734375	formula@0x4d6040
106	Items.png		10	3	0.31298828125	0.18798828125	0.0615234375	0.0302734375	formula@0x4d6040
107	Items.png		11	3	0.34423828125	0.18798828125	0.0615234375	0.0302734375	formula@0x4d6040
108	Items.png		12	3	0.37548828125	0.18798828125	0.0615234375	0.0302734375	formula@0x4d6040
109	Items.png		13	3	0.40673828125	0.18798828125	0.0615234375	0.0302734375	formula@0x4d6040
110	Items.png		14	3	0.43798828125	0.18798828125	0.0615234375	0.0302734375	formula@0x4d6040
111	Items.png		15	3	0.46923828125	0.18798828125	0.0615234375	0.0302734375	formula@0x4d6040
112	Items.png		16	3	0.50048828125	0.18798828125	0.0615234375	0.0302734375	formula@0x4d6040
113	Items.png		17	3	0.53173828125	0.18798828125	0.0615234375	0.0302734375	formula@0x4d6040
114	Items.png		18	3	0.56298828125	0.18798828125	0.0615234375	0.0302734375	formula@0x4d6040
115	Items.png		19	3	0.59423828125	0.18798828125	0.0615234375	0.0302734375	formula@0x4d6040
116	Items.png		20	3	0.62548828125	0.18798828125	0.0615234375	0.0302734375	formula@0x4d6040
117	Items.png		21	3	0.65673828125	0.18798828125	0.0615234375	0.0302734375	formula@0x4d6040
118	Items.png		22	3	0.68798828125	0.18798828125	0.0615234375	0.0302734375	formula@0x4d6040
119	Items.png		23	3	0.71923828125	0.18798828125	0.0615234375	0.0302734375	formula@0x4d6040
120	Items.png		24	3	0.75048828125	0.18798828125	0.0615234375	0.0302734375	formula@0x4d6040
121	Items.png		25	3	0.78173828125	0.18798828125	0.0615234375	0.0302734375	formula@0x4d6040
122	Items.png		26	3	0.81298828125	0.18798828125	0.0615234375	0.0302734375	formula@0x4d6040
123	Items.png		27	3	0.84423828125	0.18798828125	0.0615234375	0.0302734375	formula@0x4d6040
124	Items.png		28	3	0.87548828125	0.18798828125	0.0615234375	0.0302734375	formula@0x4d6040
125	Items.png		29	3	0.90673828125	0.18798828125	0.0615234375	0.0302734375	formula@0x4d6040
126	Items.png		30	3	0.93798828125	0.18798828125	0.0615234375	0.0302734375	formula@0x4d6040
127	Items.png		31	3	0.96923828125	0.18798828125	0.0615234375	0.0302734375	formula@0x4d6040
128	Items.png		0	4	0.00048828125	0.25048828125	0.0615234375	0.0302734375	formula@0x4d6040
129	Items.png		1	4	0.03173828125	0.25048828125	0.0615234375	0.0302734375	formula@0x4d6040
130	Items.png		2	4	0.06298828125	0.25048828125	0.0615234375	0.0302734375	formula@0x4d6040
131	Items.png		3	4	0.09423828125	0.25048828125	0.0615234375	0.0302734375	formula@0x4d6040
132	Items.png		4	4	0.12548828125	0.25048828125	0.0615234375	0.0302734375	formula@0x4d6040
133	Items.png		5	4	0.15673828125	0.25048828125	0.0615234375	0.0302734375	formula@0x4d6040
134	Items.png		6	4	0.18798828125	0.25048828125	0.0615234375	0.0302734375	formula@0x4d6040
135	Items.png		7	4	0.21923828125	0.25048828125	0.0615234375	0.0302734375	formula@0x4d6040
136	Items.png		8	4	0.25048828125	0.25048828125	0.0615234375	0.0302734375	formula@0x4d6040
137	Items.png		9	4	0.28173828125	0.25048828125	0.0615234375	0.0302734375	formula@0x4d6040
138	Items.png		10	4	0.31298828125	0.25048828125	0.0615234375	0.0302734375	formula@0x4d6040
139	Items.png		11	4	0.34423828125	0.25048828125	0.0615234375	0.0302734375	formula@0x4d6040
140	Items.png		12	4	0.37548828125	0.25048828125	0.0615234375	0.0302734375	formula@0x4d6040
141	Items.png		13	4	0.40673828125	0.25048828125	0.0615234375	0.0302734375	formula@0x4d6040
142	Items.png		14	4	0.43798828125	0.25048828125	0.0615234375	0.0302734375	formula@0x4d6040
143	Items.png		15	4	0.46923828125	0.25048828125	0.0615234375	0.0302734375	formula@0x4d6040
144	Items.png		16	4	0.50048828125	0.25048828125	0.0615234375	0.0302734375	formula@0x4d6040
145	Items.png		17	4	0.53173828125	0.25048828125	0.0615234375	0.0302734375	formula@0x4d6040
146	Items.png		18	4	0.56298828125	0.25048828125	0.0615234375	0.0302734375	formula@0x4d6040
147	Items.png		19	4	0.59423828125	0.25048828125	0.0615234375	0.0302734375	formula@0x4d6040
148	Items.png		20	4	0.62548828125	0.25048828125	0.0615234375	0.0302734375	formula@0x4d6040
149	Items.png		21	4	0.65673828125	0.25048828125	0.0615234375	0.0302734375	formula@0x4d6040
150	Items.png		22	4	0.68798828125	0.25048828125	0.0615234375	0.0302734375	formula@0x4d6040
151	Items.png		23	4	0.71923828125	0.25048828125	0.0615234375	0.0302734375	formula@0x4d6040
152	Items.png		24	4	0.75048828125	0.25048828125	0.0615234375	0.0302734375	formula@0x4d6040
153	Items.png		25	4	0.78173828125	0.25048828125	0.0615234375	0.0302734375	formula@0x4d6040
154	Items.png		26	4	0.81298828125	0.25048828125	0.0615234375	0.0302734375	formula@0x4d6040
155	Items.png		27	4	0.84423828125	0.25048828125	0.0615234375	0.0302734375	formula@0x4d6040
156	Items.png		28	4	0.87548828125	0.25048828125	0.0615234375	0.0302734375	formula@0x4d6040
157	Items.png		29	4	0.90673828125	0.25048828125	0.0615234375	0.0302734375	formula@0x4d6040
158	Items.png		30	4	0.93798828125	0.25048828125	0.0615234375	0.0302734375	formula@0x4d6040
159	Items.png		31	4	0.96923828125	0.25048828125	0.0615234375	0.0302734375	formula@0x4d6040
160	Items.png		0	5	0.00048828125	0.31298828125	0.0615234375	0.0302734375	formula@0x4d6040
161	Items.png		1	5	0.03173828125	0.31298828125	0.0615234375	0.0302734375	formula@0x4d6040
162	Items.png		2	5	0.06298828125	0.31298828125	0.0615234375	0.0302734375	formula@0x4d6040
163	Items.png		3	5	0.09423828125	0.31298828125	0.0615234375	0.0302734375	formula@0x4d6040
164	Items.png		4	5	0.12548828125	0.31298828125	0.0615234375	0.0302734375	formula@0x4d6040
165	Items.png		5	5	0.15673828125	0.31298828125	0.0615234375	0.0302734375	formula@0x4d6040
166	Items.png		6	5	0.18798828125	0.31298828125	0.0615234375	0.0302734375	formula@0x4d6040
167	Items.png		7	5	0.21923828125	0.31298828125	0.0615234375	0.0302734375	formula@0x4d6040
168	Items.png		8	5	0.25048828125	0.31298828125	0.0615234375	0.0302734375	formula@0x4d6040
169	Items.png		9	5	0.28173828125	0.31298828125	0.0615234375	0.0302734375	formula@0x4d6040
170	Items.png		10	5	0.31298828125	0.31298828125	0.0615234375	0.0302734375	formula@0x4d6040
171	Items.png		11	5	0.34423828125	0.31298828125	0.0615234375	0.0302734375	formula@0x4d6040
172	Items.png		12	5	0.37548828125	0.31298828125	0.0615234375	0.0302734375	formula@0x4d6040
173	Items.png		13	5	0.40673828125	0.31298828125	0.0615234375	0.0302734375	formula@0x4d6040
174	Items.png		14	5	0.43798828125	0.31298828125	0.0615234375	0.0302734375	formula@0x4d6040
175	Items.png		15	5	0.46923828125	0.31298828125	0.0615234375	0.0302734375	formula@0x4d6040
176	Items.png		16	5	0.50048828125	0.31298828125	0.0615234375	0.0302734375	formula@0x4d6040
177	Items.png		17	5	0.53173828125	0.31298828125	0.0615234375	0.0302734375	formula@0x4d6040
178	Items.png		18	5	0.56298828125	0.31298828125	0.0615234375	0.0302734375	formula@0x4d6040
179	Items.png		19	5	0.59423828125	0.31298828125	0.0615234375	0.0302734375	formula@0x4d6040
180	Items.png		20	5	0.62548828125	0.31298828125	0.0615234375	0.0302734375	formula@0x4d6040
181	Items.png		21	5	0.65673828125	0.31298828125	0.0615234375	0.0302734375	formula@0x4d6040
182	Items.png		22	5	0.68798828125	0.31298828125	0.0615234375	0.0302734375	formula@0x4d6040
183	Items.png		23	5	0.71923828125	0.31298828125	0.0615234375	0.0302734375	formula@0x4d6040
184	Items.png		24	5	0.75048828125	0.31298828125	0.0615234375	0.0302734375	formula@0x4d6040
185	Items.png		25	5	0.78173828125	0.31298828125	0.0615234375	0.0302734375	formula@0x4d6040
186	Items.png		26	5	0.81298828125	0.31298828125	0.0615234375	0.0302734375	formula@0x4d6040
187	Items.png		27	5	0.84423828125	0.31298828125	0.0615234375	0.0302734375	formula@0x4d6040
188	Items.png		28	5	0.87548828125	0.31298828125	0.0615234375	0.0302734375	formula@0x4d6040
189	Items.png		29	5	0.90673828125	0.31298828125	0.0615234375	0.0302734375	formula@0x4d6040
190	Items.png		30	5	0.93798828125	0.31298828125	0.0615234375	0.0302734375	formula@0x4d6040
191	Items.png		31	5	0.96923828125	0.31298828125	0.0615234375	0.0302734375	formula@0x4d6040
192	Items.png		0	6	0.00048828125	0.37548828125	0.0615234375	0.0302734375	formula@0x4d6040
193	Items.png		1	6	0.03173828125	0.37548828125	0.0615234375	0.0302734375	formula@0x4d6040
194	Items.png		2	6	0.06298828125	0.37548828125	0.0615234375	0.0302734375	formula@0x4d6040
195	Items.png		3	6	0.09423828125	0.37548828125	0.0615234375	0.0302734375	formula@0x4d6040
196	Items.png		4	6	0.12548828125	0.37548828125	0.0615234375	0.0302734375	formula@0x4d6040
197	Items.png		5	6	0.15673828125	0.37548828125	0.0615234375	0.0302734375	formula@0x4d6040
198	Items.png		6	6	0.18798828125	0.37548828125	0.0615234375	0.0302734375	formula@0x4d6040
199	Items.png		7	6	0.21923828125	0.37548828125	0.0615234375	0.0302734375	formula@0x4d6040
200	Items.png		8	6	0.25048828125	0.37548828125	0.0615234375	0.0302734375	formula@0x4d6040
201	Items.png		9	6	0.28173828125	0.37548828125	0.0615234375	0.0302734375	formula@0x4d6040
202	Items.png		10	6	0.31298828125	0.37548828125	0.0615234375	0.0302734375	formula@0x4d6040
203	Items.png		11	6	0.34423828125	0.37548828125	0.0615234375	0.0302734375	formula@0x4d6040
204	Items.png		12	6	0.37548828125	0.37548828125	0.0615234375	0.0302734375	formula@0x4d6040
205	Items.png		13	6	0.40673828125	0.37548828125	0.0615234375	0.0302734375	formula@0x4d6040
206	Items.png		14	6	0.43798828125	0.37548828125	0.0615234375	0.0302734375	formula@0x4d6040
207	Items.png		15	6	0.46923828125	0.37548828125	0.0615234375	0.0302734375	formula@0x4d6040
208	Items.png		16	6	0.50048828125	0.37548828125	0.0615234375	0.0302734375	formula@0x4d6040
209	Items.png		17	6	0.53173828125	0.37548828125	0.0615234375	0.0302734375	formula@0x4d6040
210	Items.png		18	6	0.56298828125	0.37548828125	0.0615234375	0.0302734375	formula@0x4d6040
211	Items.png		19	6	0.59423828125	0.37548828125	0.0615234375	0.0302734375	formula@0x4d6040
212	Items.png		20	6	0.62548828125	0.37548828125	0.0615234375	0.0302734375	formula@0x4d6040
213	Items.png		21	6	0.65673828125	0.37548828125	0.0615234375	0.0302734375	formula@0x4d6040
214	Items.png		22	6	0.68798828125	0.37548828125	0.0615234375	0.0302734375	formula@0x4d6040
215	Items.png		23	6	0.71923828125	0.37548828125	0.0615234375	0.0302734375	formula@0x4d6040
216	Items.png		24	6	0.75048828125	0.37548828125	0.0615234375	0.0302734375	formula@0x4d6040
217	Items.png		25	6	0.78173828125	0.37548828125	0.0615234375	0.0302734375	formula@0x4d6040
218	Items.png		26	6	0.81298828125	0.37548828125	0.0615234375	0.0302734375	formula@0x4d6040
219	Items.png		27	6	0.84423828125	0.37548828125	0.0615234375	0.0302734375	formula@0x4d6040
220	Items.png		28	6	0.87548828125	0.37548828125	0.0615234375	0.0302734375	formula@0x4d6040
221	Items.png		29	6	0.90673828125	0.37548828125	0.0615234375	0.0302734375	formula@0x4d6040
222	Items.png		30	6	0.93798828125	0.37548828125	0.0615234375	0.0302734375	formula@0x4d6040
223	Items.png		31	6	0.96923828125	0.37548828125	0.0615234375	0.0302734375	formula@0x4d6040
224	Items.png		0	7	0.00048828125	0.43798828125	0.0615234375	0.0302734375	formula@0x4d6040
225	Items.png		1	7	0.03173828125	0.43798828125	0.0615234375	0.0302734375	formula@0x4d6040
226	Items.png		2	7	0.06298828125	0.43798828125	0.0615234375	0.0302734375	formula@0x4d6040
227	Items.png		3	7	0.09423828125	0.43798828125	0.0615234375	0.0302734375	formula@0x4d6040
228	Items.png		4	7	0.12548828125	0.43798828125	0.0615234375	0.0302734375	formula@0x4d6040
229	Items.png		5	7	0.15673828125	0.43798828125	0.0615234375	0.0302734375	formula@0x4d6040
230	Items.png		6	7	0.18798828125	0.43798828125	0.0615234375	0.0302734375	formula@0x4d6040
231	Items.png		7	7	0.21923828125	0.43798828125	0.0615234375	0.0302734375	formula@0x4d6040
232	Items.png		8	7	0.25048828125	0.43798828125	0.0615234375	0.0302734375	formula@0x4d6040
233	Items.png		9	7	0.28173828125	0.43798828125	0.0615234375	0.0302734375	formula@0x4d6040
234	Items.png		10	7	0.31298828125	0.43798828125	0.0615234375	0.0302734375	formula@0x4d6040
235	Items.png		11	7	0.34423828125	0.43798828125	0.0615234375	0.0302734375	formula@0x4d6040
236	Items.png		12	7	0.37548828125	0.43798828125	0.0615234375	0.0302734375	formula@0x4d6040
237	Items.png		13	7	0.40673828125	0.43798828125	0.0615234375	0.0302734375	formula@0x4d6040
238	Items.png		14	7	0.43798828125	0.43798828125	0.0615234375	0.0302734375	formula@0x4d6040
239	Items.png		15	7	0.46923828125	0.43798828125	0.0615234375	0.0302734375	formula@0x4d6040
240	Items.png		16	7	0.50048828125	0.43798828125	0.0615234375	0.0302734375	formula@0x4d6040
241	Items.png		17	7	0.53173828125	0.43798828125	0.0615234375	0.0302734375	formula@0x4d6040
242	Items.png		18	7	0.56298828125	0.43798828125	0.0615234375	0.0302734375	formula@0x4d6040
243	Items.png		19	7	0.59423828125	0.43798828125	0.0615234375	0.0302734375	formula@0x4d6040
244	Items.png		20	7	0.62548828125	0.43798828125	0.0615234375	0.0302734375	formula@0x4d6040
245	Items.png		21	7	0.65673828125	0.43798828125	0.0615234375	0.0302734375	formula@0x4d6040
246	Items.png		22	7	0.68798828125	0.43798828125	0.0615234375	0.0302734375	formula@0x4d6040
247	Items.png		23	7	0.71923828125	0.43798828125	0.0615234375	0.0302734375	formula@0x4d6040
248	Items.png		24	7	0.75048828125	0.43798828125	0.0615234375	0.0302734375	formula@0x4d6040
249	Items.png		25	7	0.78173828125	0.43798828125	0.0615234375	0.0302734375	formula@0x4d6040
250	Items.png		26	7	0.81298828125	0.43798828125	0.0615234375	0.0302734375	formula@0x4d6040
251	Items.png		27	7	0.84423828125	0.43798828125	0.0615234375	0.0302734375	formula@0x4d6040
252	Items.png		28	7	0.87548828125	0.43798828125	0.0615234375	0.0302734375	formula@0x4d6040
253	Items.png		29	7	0.90673828125	0.43798828125	0.0615234375	0.0302734375	formula@0x4d6040
254	Items.png		30	7	0.93798828125	0.43798828125	0.0615234375	0.0302734375	formula@0x4d6040
255	Items.png		31	7	0.96923828125	0.43798828125	0.0615234375	0.0302734375	formula@0x4d6040
256	Items.png		0	8	0.00048828125	0.50048828125	0.0615234375	0.0302734375	formula@0x4d6040
257	Items.png		1	8	0.03173828125	0.50048828125	0.0615234375	0.0302734375	formula@0x4d6040
258	Items.png		2	8	0.06298828125	0.50048828125	0.0615234375	0.0302734375	formula@0x4d6040
259	Items.png		3	8	0.09423828125	0.50048828125	0.0615234375	0.0302734375	formula@0x4d6040
260	Items.png		4	8	0.12548828125	0.50048828125	0.0615234375	0.0302734375	formula@0x4d6040
261	Items.png		5	8	0.15673828125	0.50048828125	0.0615234375	0.0302734375	formula@0x4d6040
262	Items.png		6	8	0.18798828125	0.50048828125	0.0615234375	0.0302734375	formula@0x4d6040
263	Items.png		7	8	0.21923828125	0.50048828125	0.0615234375	0.0302734375	formula@0x4d6040
264	Items.png		8	8	0.25048828125	0.50048828125	0.0615234375	0.0302734375	formula@0x4d6040
265	Items.png		9	8	0.28173828125	0.50048828125	0.0615234375	0.0302734375	formula@0x4d6040
266	Items.png		10	8	0.31298828125	0.50048828125	0.0615234375	0.0302734375	formula@0x4d6040
267	Items.png		11	8	0.34423828125	0.50048828125	0.0615234375	0.0302734375	formula@0x4d6040
268	Items.png		12	8	0.37548828125	0.50048828125	0.0615234375	0.0302734375	formula@0x4d6040
269	Items.png		13	8	0.40673828125	0.50048828125	0.0615234375	0.0302734375	formula@0x4d6040
270	Items.png		14	8	0.43798828125	0.50048828125	0.0615234375	0.0302734375	formula@0x4d6040
271	Items.png		15	8	0.46923828125	0.50048828125	0.0615234375	0.0302734375	formula@0x4d6040
272	Items.png		16	8	0.50048828125	0.50048828125	0.0615234375	0.0302734375	formula@0x4d6040
273	Items.png		17	8	0.53173828125	0.50048828125	0.0615234375	0.0302734375	formula@0x4d6040
274	Items.png		18	8	0.56298828125	0.50048828125	0.0615234375	0.0302734375	formula@0x4d6040
275	Items.png		19	8	0.59423828125	0.50048828125	0.0615234375	0.0302734375	formula@0x4d6040
276	Items.png		20	8	0.62548828125	0.50048828125	0.0615234375	0.0302734375	formula@0x4d6040
277	Items.png		21	8	0.65673828125	0.50048828125	0.0615234375	0.0302734375	formula@0x4d6040
278	Items.png		22	8	0.68798828125	0.50048828125	0.0615234375	0.0302734375	formula@0x4d6040
279	Items.png		23	8	0.71923828125	0.50048828125	0.0615234375	0.0302734375	formula@0x4d6040
280	Items.png		24	8	0.75048828125	0.50048828125	0.0615234375	0.0302734375	formula@0x4d6040
281	Items.png		25	8	0.78173828125	0.50048828125	0.0615234375	0.0302734375	formula@0x4d6040
282	Items.png		26	8	0.81298828125	0.50048828125	0.0615234375	0.0302734375	formula@0x4d6040
283	Items.png		27	8	0.84423828125	0.50048828125	0.0615234375	0.0302734375	formula@0x4d6040
284	Items.png		28	8	0.87548828125	0.50048828125	0.0615234375	0.0302734375	formula@0x4d6040
285	Items.png		29	8	0.90673828125	0.50048828125	0.0615234375	0.0302734375	formula@0x4d6040
286	Items.png		30	8	0.93798828125	0.50048828125	0.0615234375	0.0302734375	formula@0x4d6040
287	Items.png		31	8	0.96923828125	0.50048828125	0.0615234375	0.0302734375	formula@0x4d6040
288	Items.png		0	9	0.00048828125	0.56298828125	0.0615234375	0.0302734375	formula@0x4d6040
289	Items.png		1	9	0.03173828125	0.56298828125	0.0615234375	0.0302734375	formula@0x4d6040
290	Items.png		2	9	0.06298828125	0.56298828125	0.0615234375	0.0302734375	formula@0x4d6040
291	Items.png		3	9	0.09423828125	0.56298828125	0.0615234375	0.0302734375	formula@0x4d6040
292	Items.png		4	9	0.12548828125	0.56298828125	0.0615234375	0.0302734375	formula@0x4d6040
293	Items.png		5	9	0.15673828125	0.56298828125	0.0615234375	0.0302734375	formula@0x4d6040
294	Items.png		6	9	0.18798828125	0.56298828125	0.0615234375	0.0302734375	formula@0x4d6040
295	Items.png		7	9	0.21923828125	0.56298828125	0.0615234375	0.0302734375	formula@0x4d6040
296	Items.png		8	9	0.25048828125	0.56298828125	0.0615234375	0.0302734375	formula@0x4d6040
297	Items.png		9	9	0.28173828125	0.56298828125	0.0615234375	0.0302734375	formula@0x4d6040
298	Items.png		10	9	0.31298828125	0.56298828125	0.0615234375	0.0302734375	formula@0x4d6040
299	Items.png		11	9	0.34423828125	0.56298828125	0.0615234375	0.0302734375	formula@0x4d6040
300	Items.png		12	9	0.37548828125	0.56298828125	0.0615234375	0.0302734375	formula@0x4d6040
301	Items.png		13	9	0.40673828125	0.56298828125	0.0615234375	0.0302734375	formula@0x4d6040
302	Items.png		14	9	0.43798828125	0.56298828125	0.0615234375	0.0302734375	formula@0x4d6040
303	Items.png		15	9	0.46923828125	0.56298828125	0.0615234375	0.0302734375	formula@0x4d6040
304	Items.png		16	9	0.50048828125	0.56298828125	0.0615234375	0.0302734375	formula@0x4d6040
305	Items.png		17	9	0.53173828125	0.56298828125	0.0615234375	0.0302734375	formula@0x4d6040
306	Items.png		18	9	0.56298828125	0.56298828125	0.0615234375	0.0302734375	formula@0x4d6040
307	Items.png		19	9	0.59423828125	0.56298828125	0.0615234375	0.0302734375	formula@0x4d6040
308	Items.png		20	9	0.62548828125	0.56298828125	0.0615234375	0.0302734375	formula@0x4d6040
309	Items.png		21	9	0.65673828125	0.56298828125	0.0615234375	0.0302734375	formula@0x4d6040
310	Items.png		22	9	0.68798828125	0.56298828125	0.0615234375	0.0302734375	formula@0x4d6040
311	Items.png		23	9	0.71923828125	0.56298828125	0.0615234375	0.0302734375	formula@0x4d6040
312	Items.png		24	9	0.75048828125	0.56298828125	0.0615234375	0.0302734375	formula@0x4d6040
313	Items.png		25	9	0.78173828125	0.56298828125	0.0615234375	0.0302734375	formula@0x4d6040
314	Items.png		26	9	0.81298828125	0.56298828125	0.0615234375	0.0302734375	formula@0x4d6040
315	Items.png		27	9	0.84423828125	0.56298828125	0.0615234375	0.0302734375	formula@0x4d6040
316	Items.png		28	9	0.87548828125	0.56298828125	0.0615234375	0.0302734375	formula@0x4d6040
317	Items.png		29	9	0.90673828125	0.56298828125	0.0615234375	0.0302734375	formula@0x4d6040
318	Items.png		30	9	0.93798828125	0.56298828125	0.0615234375	0.0302734375	formula@0x4d6040
319	Items.png		31	9	0.96923828125	0.56298828125	0.0615234375	0.0302734375	formula@0x4d6040
320	Items.png		0	10	0.00048828125	0.62548828125	0.0615234375	0.0302734375	formula@0x4d6040
321	Items.png		1	10	0.03173828125	0.62548828125	0.0615234375	0.0302734375	formula@0x4d6040
322	Items.png		2	10	0.06298828125	0.62548828125	0.0615234375	0.0302734375	formula@0x4d6040
323	Items.png		3	10	0.09423828125	0.62548828125	0.0615234375	0.0302734375	formula@0x4d6040
324	Items.png		4	10	0.12548828125	0.62548828125	0.0615234375	0.0302734375	formula@0x4d6040
325	Items.png		5	10	0.15673828125	0.62548828125	0.0615234375	0.0302734375	formula@0x4d6040
326	Items.png		6	10	0.18798828125	0.62548828125	0.0615234375	0.0302734375	formula@0x4d6040
327	Items.png		7	10	0.21923828125	0.62548828125	0.0615234375	0.0302734375	formula@0x4d6040
328	Items.png		8	10	0.25048828125	0.62548828125	0.0615234375	0.0302734375	formula@0x4d6040
329	Items.png		9	10	0.28173828125	0.62548828125	0.0615234375	0.0302734375	formula@0x4d6040
330	Items.png		10	10	0.31298828125	0.62548828125	0.0615234375	0.0302734375	formula@0x4d6040
331	Items.png		11	10	0.34423828125	0.62548828125	0.0615234375	0.0302734375	formula@0x4d6040
332	Items.png		12	10	0.37548828125	0.62548828125	0.0615234375	0.0302734375	formula@0x4d6040
333	Items.png		13	10	0.40673828125	0.62548828125	0.0615234375	0.0302734375	formula@0x4d6040
334	Items.png		14	10	0.43798828125	0.62548828125	0.0615234375	0.0302734375	formula@0x4d6040
335	Items.png		15	10	0.46923828125	0.62548828125	0.0615234375	0.0302734375	formula@0x4d6040
336	Items.png		16	10	0.50048828125	0.62548828125	0.0615234375	0.0302734375	formula@0x4d6040
337	Items.png		17	10	0.53173828125	0.62548828125	0.0615234375	0.0302734375	formula@0x4d6040
338	Items.png		18	10	0.56298828125	0.62548828125	0.0615234375	0.0302734375	formula@0x4d6040
339	Items.png		19	10	0.59423828125	0.62548828125	0.0615234375	0.0302734375	formula@0x4d6040
340	Items.png		20	10	0.62548828125	0.62548828125	0.0615234375	0.0302734375	formula@0x4d6040
341	Items.png		21	10	0.65673828125	0.62548828125	0.0615234375	0.0302734375	formula@0x4d6040
342	Items.png		22	10	0.68798828125	0.62548828125	0.0615234375	0.0302734375	formula@0x4d6040
343	Items.png		23	10	0.71923828125	0.62548828125	0.0615234375	0.0302734375	formula@0x4d6040
1024	33	33	1	1					imageTypeForItemType@0x004d71dc
1025	32	32	0	1					imageTypeForItemType@0x004d71dc
1026	34	34	2	1					imageTypeForItemType@0x004d71dc
1027	66	66	2	2					imageTypeForItemType@0x004d71dc
1028	35	35	3	1					imageTypeForItemType@0x004d71dc
1029	67	67	3	2					imageTypeForItemType@0x004d71dc
1030	76	76	12	2					imageTypeForItemType@0x004d71dc
1031	32	32	0	1					imageTypeForItemType@0x004d71dc
1032	32	32	0	1					imageTypeForItemType@0x004d71dc
1033	32	32	0	1					imageTypeForItemType@0x004d71dc
1034	32	32	0	1					imageTypeForItemType@0x004d71dc
1035	79	79	15	2					imageTypeForItemType@0x004d71dc
1036	80	80	16	2					imageTypeForItemType@0x004d71dc
1037	81	81	17	2					imageTypeForItemType@0x004d71dc
1038	82	82	18	2					imageTypeForItemType@0x004d71dc
1039	32	32	0	1					imageTypeForItemType@0x004d71dc
1040	32	32	0	1					imageTypeForItemType@0x004d71dc
1041	32	32	0	1					imageTypeForItemType@0x004d71dc
1042	108	108	12	3					imageTypeForItemType@0x004d71dc
1043	342	342	22	10					imageTypeForItemType@0x004d71dc
1044	32	32	0	1					imageTypeForItemType@0x004d71dc
1045	85	85	21	2					imageTypeForItemType@0x004d71dc
1046	32	32	0	1					imageTypeForItemType@0x004d71dc
1047	32	32	0	1					imageTypeForItemType@0x004d71dc
1048	64	64	0	2					imageTypeForItemType@0x004d71dc
1049	196	196	4	6					imageTypeForItemType@0x004d71dc
1050	32	32	0	1					imageTypeForItemType@0x004d71dc
1051	65	65	1	2					imageTypeForItemType@0x004d71dc
1052	32	32	0	1					imageTypeForItemType@0x004d71dc
1053	86	86	22	2					imageTypeForItemType@0x004d71dc
1054	87	87	23	2					imageTypeForItemType@0x004d71dc
1055	32	32	0	1					imageTypeForItemType@0x004d71dc
1056	32	32	0	1					imageTypeForItemType@0x004d71dc
1057	164	164	4	5					imageTypeForItemType@0x004d71dc
1058	32	32	0	1					imageTypeForItemType@0x004d71dc
1059	32	32	0	1					imageTypeForItemType@0x004d71dc
1060	110	110	14	3					imageTypeForItemType@0x004d71dc
1061	32	32	0	1					imageTypeForItemType@0x004d71dc
1062	97	97	1	3					imageTypeForItemType@0x004d71dc
1063	88	88	24	2					imageTypeForItemType@0x004d71dc
1064	88	88	24	2					imageTypeForItemType@0x004d71dc
1065	298	298	10	9					imageTypeForItemType@0x004d71dc
1066	112	112	16	3					imageTypeForItemType@0x004d71dc
1067	113	113	17	3					imageTypeForItemType@0x004d71dc
1068	114	114	18	3					imageTypeForItemType@0x004d71dc
1069	115	115	19	3					imageTypeForItemType@0x004d71dc
1070	116	116	20	3					imageTypeForItemType@0x004d71dc
1071	32	32	0	1					imageTypeForItemType@0x004d71dc
1072	302	302	14	9					imageTypeForItemType@0x004d71dc
1073	32	32	0	1					imageTypeForItemType@0x004d71dc
1074	311	311	23	9					imageTypeForItemType@0x004d71dc
1075	89	89	25	2					imageTypeForItemType@0x004d71dc
1076	117	117	21	3					imageTypeForItemType@0x004d71dc
1077	32	32	0	1					imageTypeForItemType@0x004d71dc
1078	32	32	0	1					imageTypeForItemType@0x004d71dc
1079	32	32	0	1					imageTypeForItemType@0x004d71dc
1080	32	32	0	1					imageTypeForItemType@0x004d71dc
1081	32	32	0	1					imageTypeForItemType@0x004d71dc
1082	32	32	0	1					imageTypeForItemType@0x004d71dc
1083	32	32	0	1					imageTypeForItemType@0x004d71dc
1084	32	32	0	1					imageTypeForItemType@0x004d71dc
1085	32	32	0	1					imageTypeForItemType@0x004d71dc
1086	32	32	0	1					imageTypeForItemType@0x004d71dc
1087	583	583	7	18					imageTypeForItemType@0x004d71dc
1088	584	584	8	18					imageTypeForItemType@0x004d71dc
1089	672	672	0	21					imageTypeForItemType@0x004d71dc
1090	188	188	28	5					imageTypeForItemType@0x004d71dc
1091	190	190	30	5					imageTypeForItemType@0x004d71dc
1092	32	32	0	1					imageTypeForItemType@0x004d71dc
1093	32	32	0	1					imageTypeForItemType@0x004d71dc
1094	478	478	30	14					imageTypeForItemType@0x004d71dc
1095	32	32	0	1					imageTypeForItemType@0x004d71dc
1096	32	32	0	1					imageTypeForItemType@0x004d71dc
1097	32	32	0	1					imageTypeForItemType@0x004d71dc
1098	697	697	25	21					imageTypeForItemType@0x004d71dc
1099	698	698	26	21					imageTypeForItemType@0x004d71dc
1100	699	699	27	21					imageTypeForItemType@0x004d71dc
1101	700	700	28	21					imageTypeForItemType@0x004d71dc
1102	701	701	29	21					imageTypeForItemType@0x004d71dc
1103	741	741	5	23					imageTypeForItemType@0x004d71dc
1104	742	742	6	23					imageTypeForItemType@0x004d71dc
1105	746	746	10	23					imageTypeForItemType@0x004d71dc
