implementation	class	method	reference_kind	reference_address	value
0x00781a44	EvolutionViewController	drawFrame	selector	0x00e80fb4	view
0x00781a44	EvolutionViewController	drawFrame	selector	0x00e80fe8	release
0x00781a44	EvolutionViewController	drawFrame	selector	0x00e80fec	setFramebuffer
0x00781a44	EvolutionViewController	drawFrame	selector	0x00e81000	timeIntervalSinceReferenceDate
0x00781a44	EvolutionViewController	drawFrame	selector	0x00e81054	removeFromSuperview
0x00781a44	EvolutionViewController	drawFrame	selector	0x00e81058	initOpenGL
0x00781a44	EvolutionViewController	drawFrame	selector	0x00e8105c	preUpdate:
0x00781a44	EvolutionViewController	drawFrame	selector	0x00e81060	update:accurateDT:
0x00781a44	EvolutionViewController	drawFrame	selector	0x00e81064	render:
0x00781a44	EvolutionViewController	drawFrame	selector	0x00e81068	presentFramebuffer
