class	method	shader	shader_files_present	declared_attributes	attribute_tokens	declared_uniforms	uniform_tokens	undeclared_tokens
CustomGameRulesUI	initWithWorld:windowInfo:cache:parentUI:	StandardObject	True	position,texCoord	?color,ColoredNoTexture	mvp_matrix,texture		ColoredNoTexture,color
NetPlayerUI	initWithWindowInfo:netPlayerButton:cache:localPlayerIsMod:showReportButton:	StandardObject	True	position,texCoord	position,texCoord	mvp_matrix,texture	mvp_matrix,texture	
CreateCustomOptionsUI	initWithFrame:cache:windowInfo:	StandardObjectColored	True	position,texCoord		mvp_matrix,texture,vec4		
MJProgressBar	initWithFrame:cache:windowInfo:	ColoredNoTexture	True	position	position	mvp_matrix,vec4	mvp_matrix,color	color
BlockheadButton	initWithFrame:cache:windowInfo:textFrame:alignment:world:	ColoredNoTexture	True	position	position,?StandardObject,texture,texCoord	mvp_matrix,vec4	mvp_matrix,color	StandardObject,color,texCoord,texture
TradePortalItem	initWithScrollingListTradePortal:world:tradePortal:cache:windowInfo:itemType:currentLevel:yPos:	StandardObjectColored	True	position,texCoord	position,texCoord	mvp_matrix,texture,vec4	mvp_matrix,texture,color	color
InventoryButton	initWithFrame:cache:windowInfo:textFrame:alignment:title:topLevel:isChest:clothingSubSlotIndex:world:	StandardObject	True	position,texCoord	position,texCoord	mvp_matrix,texture	mvp_matrix,texture	
OwnershipAreaRenderer	initWithWorld:cache:	StandardObjectColored	True	position,texCoord	position,texCoord	mvp_matrix,texture,vec4	mvp_matrix,texture,color	color
DPad	initWithWorld:windowInfo:cache:	StandardObject	True	position,texCoord	position,texCoord	mvp_matrix,texture	mvp_matrix,texture	
SearchResultsUI	initWithFrame:cache:windowInfo:delegate:	ColoredNoTexture	True	position	position	mvp_matrix,vec4	mvp_matrix,color	color
TradeMissionItem	initWithWorld:blockhead:tradePortal:windowInfo:cache:frame:mission:	StandardObjectColored	True	position,texCoord		mvp_matrix,texture,vec4		
NetPlayerButton	initWithFrame:cache:windowInfo:alignment:world:worldUI:	StandardObject	True	position,texCoord		mvp_matrix,texture		
ProjectileManager	initWithWorld:cache:	WorldObject	True	position,texCoord	position,texCoord	mvp_matrix,texture,vec4	mvp_matrix,texture,light	light
ScrollingListTradePortal	initWithFrame:cache:windowInfo:tradePortalUI:world:	StandardObjectColored	True	position,texCoord	position,texCoord	mvp_matrix,texture,vec4	mvp_matrix,texture,color	color
Weather	initWithCache:world:worldTime:	Snow	True	position	position,?Rain,snowLevel	light_texture,mvp_matrix,pointScaleAndSnowLevel,vec4	mvp_matrix,light_texture,daylight,pointScaleAndSnowLevel	Rain,daylight,snowLevel
FishingRod	initWithWorld:blockhead:cache:	WorldObject	True	position,texCoord	position,texCoord,?ColoredNoTexture,color	mvp_matrix,texture,vec4	mvp_matrix,texture,light	ColoredNoTexture,color,light
OptionsUI	initWithWorld:windowInfo:cache:pauseUI:	StandardObject	True	position,texCoord	?color,ColoredNoTexture	mvp_matrix,texture		ColoredNoTexture,color
BlockheadPreviewView	initWithFrame:cache:windowInfo:	WorldObject	True	position,texCoord	position,texCoord,?BlockheadClothing,normal_matrix,artificialLightDirection,daylight,artificalLight,lightPosition,reflectivity,normal,BlockheadBody,skinColor,clothingColorA,clothingColorB,BlockheadHair,hairColor,BlockheadFace,textureB	mvp_matrix,texture,vec4	mvp_matrix,texture,light	BlockheadBody,BlockheadClothing,BlockheadFace,BlockheadHair,artificalLight,artificialLightDirection,clothingColorA,clothingColorB,daylight,hairColor,light,lightPosition,normal,normal_matrix,reflectivity,skinColor,textureB
MJSlider	initWithFrame:cache:windowInfo:	MJButton	True	position,texCoord	position,texCoord	mvp_matrix,texture,vec4	mvp_matrix,texture,color	color
MapUI	initWithWorld:windowInfo:cache:translation:	StandardObjectColored	True	position,texCoord	position,texCoord,?ColoredNoTexture,default	mvp_matrix,texture,vec4	mvp_matrix,texture,color	ColoredNoTexture,color,default
CameraUI	initWithWorld:windowInfo:cache:	ColoredNoTexture	True	position	position	mvp_matrix,vec4	mvp_matrix,color	color
BitmapString	initWithString:dimensions:horizontalAlignment:verticalAlignment:font:cache:color:	Text	True	position,texCoord		mvp_matrix,texture,vec4		
PauseUI	initWithWorld:windowInfo:cache:	StandardObject	True	position,texCoord	?color,ColoredNoTexture	mvp_matrix,texture		ColoredNoTexture,color
MainMenuUI	initWithDelegate:windowInfo:cache:cloudInterface:	StandardObject	True	position,texCoord	?color,StandardObjectColored,ColoredNoTexture	mvp_matrix,texture		ColoredNoTexture,StandardObjectColored,color
MJSegmentedControl	initWithFrame:cache:windowInfo:titles:	MJButton	True	position,texCoord	position,texCoord	mvp_matrix,texture,vec4	mvp_matrix,texture,color	color
SoundOptionsUI	initWithDelegate:windowInfo:cache:	StandardObject	True	position,texCoord	?color,ColoredNoTexture	mvp_matrix,texture		ColoredNoTexture,color
MJColorWell	initWithFrame:cache:windowInfo:color:	ColorWell	True	position,texCoord	position,texCoord	mvp_matrix,texture,vec4	mvp_matrix,texture,color	color
MJImageView	initWithFrame:cache:windowInfo:texture:	MJButton	True	position,texCoord	position,texCoord	mvp_matrix,texture,vec4	mvp_matrix,texture,color	color
MJImageView	initWithFrame:cache:windowInfo:texture:minTexX:maxTexX:minTexY:maxTexY:	MJButton	True	position,texCoord	position,texCoord	mvp_matrix,texture,vec4	mvp_matrix,texture,color	color
MJButton	initWithFrame:cache:windowInfo:textureName:	MJButton	True	position,texCoord	position,texCoord	mvp_matrix,texture,vec4	mvp_matrix,texture,color	color
MJButton	initWithFrame:cache:windowInfo:title:	MJButton	True	position,texCoord	position,texCoord	mvp_matrix,texture,vec4	mvp_matrix,texture,color	color
AddCreditUI	initWithWorldName:worldID:creditTimeString:windowInfo:cache:delegate:	StandardObject	True	position,texCoord	?color,ColoredNoTexture	mvp_matrix,texture		ColoredNoTexture,color
ColorPickerControl	initWithFrame:cache:windowInfo:oneBasedColor:colorBrightness:	ColorWell	True	position,texCoord	position,texCoord,?ColorPicker,brightness,pickerCoord	mvp_matrix,texture,vec4	mvp_matrix,texture,color	ColorPicker,brightness,color,pickerCoord
FreeOfferUI	initWithTCUIDelegate:tcUI:windowInfo:cache:	StandardObject	True	position,texCoord	?color,ColoredNoTexture	mvp_matrix,texture		ColoredNoTexture,color
