class	method	imp	shader	attributes	uniforms
CustomGameRulesUI	initWithWorld:windowInfo:cache:parentUI:	0x004dff4c	StandardObject	?color	
NetPlayerUI	initWithWindowInfo:netPlayerButton:cache:localPlayerIsMod:showReportButton:	0x004fa764	StandardObject	position,texCoord	mvp_matrix,texture
CreateCustomOptionsUI	initWithFrame:cache:windowInfo:	0x005032f0	StandardObjectColored		
MJProgressBar	initWithFrame:cache:windowInfo:	0x0051bc80	ColoredNoTexture	position	mvp_matrix,color
BlockheadButton	initWithFrame:cache:windowInfo:textFrame:alignment:world:	0x00657810	ColoredNoTexture	position,?StandardObject,texture,texCoord	mvp_matrix,color
TradePortalItem	initWithScrollingListTradePortal:world:tradePortal:cache:windowInfo:itemType:currentLevel:yPos:	0x00689620	StandardObjectColored	position,texCoord	mvp_matrix,texture,color
InventoryButton	initWithFrame:cache:windowInfo:textFrame:alignment:title:topLevel:isChest:clothingSubSlotIndex:world:	0x0069da64	StandardObject	position,texCoord	mvp_matrix,texture
OwnershipAreaRenderer	initWithWorld:cache:	0x006ea7f4	StandardObjectColored	position,texCoord	mvp_matrix,texture,color
DPad	initWithWorld:windowInfo:cache:	0x00702d90	StandardObject	position,texCoord	mvp_matrix,texture
SearchResultsUI	initWithFrame:cache:windowInfo:delegate:	0x007424d4	ColoredNoTexture	position	mvp_matrix,color
TradeMissionItem	initWithWorld:blockhead:tradePortal:windowInfo:cache:frame:mission:	0x00747a04	StandardObjectColored		
NetPlayerButton	initWithFrame:cache:windowInfo:alignment:world:worldUI:	0x00784e1c	StandardObject		
ScrollingListTradePortal	initWithFrame:cache:windowInfo:tradePortalUI:world:	0x007bed6c	StandardObjectColored	position,texCoord	mvp_matrix,texture,color
Weather	initWithCache:world:worldTime:	0x007e3a28	Snow	position,?Rain,snowLevel	mvp_matrix,light_texture,daylight,pointScaleAndSnowLevel
OptionsUI	initWithWorld:windowInfo:cache:pauseUI:	0x008442a8	StandardObject	?color	
BlockheadPreviewView	initWithFrame:cache:windowInfo:	0x0097e344	WorldObject	position,texCoord,?BlockheadClothing	mvp_matrix,texture,light
MJSlider	initWithFrame:cache:windowInfo:	0x009ae660	MJButton	position,texCoord	mvp_matrix,texture,color
MapUI	initWithWorld:windowInfo:cache:translation:	0x009c7760	StandardObjectColored	position,texCoord	mvp_matrix,texture,color
CameraUI	initWithWorld:windowInfo:cache:	0x009d414c	ColoredNoTexture	position	mvp_matrix,color
BitmapString	initWithString:dimensions:horizontalAlignment:verticalAlignment:font:cache:color:	0x009d68a4	Text		
PauseUI	initWithWorld:windowInfo:cache:	0x009e58f4	StandardObject	?color	
MainMenuUI	initWithDelegate:windowInfo:cache:cloudInterface:	0x009f93a8	StandardObject		
MJSegmentedControl	initWithFrame:cache:windowInfo:titles:	0x00a5fcb0	MJButton	position,texCoord	mvp_matrix,texture,color
SoundOptionsUI	initWithDelegate:windowInfo:cache:	0x00adf0e4	StandardObject	?color	
MJColorWell	initWithFrame:cache:windowInfo:color:	0x00c99a14	ColorWell	position,texCoord	mvp_matrix,texture,color
MJImageView	initWithFrame:cache:windowInfo:texture:	0x00d050c0	MJButton	position,texCoord	mvp_matrix,texture,color
MJImageView	initWithFrame:cache:windowInfo:texture:minTexX:maxTexX:minTexY:maxTexY:	0x00d053e4	MJButton	position,texCoord	mvp_matrix,texture,color
MJButton	initWithFrame:cache:windowInfo:textureName:	0x00d11768	MJButton	position,texCoord	mvp_matrix,texture,color
MJButton	initWithFrame:cache:windowInfo:title:	0x00d11d7c	MJButton	position,texCoord	mvp_matrix,texture,color
AddCreditUI	initWithWorldName:worldID:creditTimeString:windowInfo:cache:delegate:	0x00d31a48	StandardObject	?color	
ColorPickerControl	initWithFrame:cache:windowInfo:oneBasedColor:colorBrightness:	0x00d4fd94	ColorWell	position,texCoord,?ColorPicker,brightness	mvp_matrix,texture,color
FreeOfferUI	initWithTCUIDelegate:tcUI:windowInfo:cache:	0x00dae598	StandardObject	?color	
