name	stage	bytes	sha256	original_class	original_evidence	replacement_referenced	mapped_uses
ActionSquare.fsh	fragment	365	3e4eea1a8f6a95424c661be41385cc5f617a2290fd67ac977dbac16a221f1cac	suffix-composition	%@.fsh	True	0
ActionSquare.vsh	vertex	354	152c6178ce2564af93da58e8388bdd58cfbdbe90f0db10434e1cef48f2d26aa8	suffix-composition	%@.vsh	True	0
Basic.fsh	fragment	741	678eaf276f007f577bbc320bc7b726b08c3ee48ed9f63cf0beb117f69f9b3ed8	suffix-composition	%@.fsh	False	0
Basic.vsh	vertex	445	b41f1100d9d1396062d8071adc282591b8614a272e849724a11cba77e3868a74	suffix-composition	%@.vsh	False	0
BlackCube.fsh	fragment	231	d28ed89cbc332d49c95761cb7efb06e77b2ebf087d4e2f2a0bf4b81d7ca09fdc	verbatim	BlackCube.fsh	False	0
BlackCube.vsh	vertex	285	4e62aeb4ea46f80300c8a84d89b2fdc1acfafd5f8cd1382d37891052e4c051e4	verbatim	BlackCube.vsh	False	0
BlackTile.fsh	fragment	231	d28ed89cbc332d49c95761cb7efb06e77b2ebf087d4e2f2a0bf4b81d7ca09fdc	verbatim	BlackTile.fsh	False	0
BlackTile.vsh	vertex	289	075452c0f1e69c97e8b13a564ef7b47803347578ce4233290c5bfa2745b66f8c	verbatim	BlackTile.vsh	False	0
Block.fsh	fragment	1865	7484bd052138a070342396f0f31b94f8397b4e08c590a395af3a490a217267a3	verbatim	Block.fsh	True	0
Block.vsh	vertex	892	468a6c3c93908a0ec7a1e0b811df961fe1d77bd3e96f8f510dc4d021a6f21dcb	verbatim	Block.vsh	True	0
BlockTransparent.fsh	fragment	2084	d488ce81729273ce6a75fe0701644b25c72279d34b508de3d2310c05f37d3e2e	verbatim	BlockTransparent.fsh	False	0
BlockTransparent.vsh	vertex	970	9b55415e07b93fa58726ef65586e1c72c223b4bf686100c3804699469ce876d3	verbatim	BlockTransparent.vsh	False	0
BlockheadBody.fsh	fragment	1149	0d4b537eb1fab8b6d7cf86e3b8d3e82f98af369375d2b5668cbfab8c3fc4cb52	suffix-composition	%@.fsh	True	0
BlockheadBody.vsh	vertex	887	ed9db67a15bf83b4ab3e7824fbbdcecd055ea32988215174b56912896791f693	suffix-composition	%@.vsh	True	0
BlockheadClothing.fsh	fragment	1025	454ae4950b8ed03c03675e48be008fc4c0c23dbbef2be2d0b6283c2fae35649a	suffix-composition	%@.fsh	False	0
BlockheadClothing.vsh	vertex	887	ed9db67a15bf83b4ab3e7824fbbdcecd055ea32988215174b56912896791f693	suffix-composition	%@.vsh	False	0
BlockheadFace.fsh	fragment	1386	40c67d36225818ffa2ecdc9383206083ed322ce304d021e04817188b4abf9381	suffix-composition	%@.fsh	False	0
BlockheadFace.vsh	vertex	887	ed9db67a15bf83b4ab3e7824fbbdcecd055ea32988215174b56912896791f693	suffix-composition	%@.vsh	False	0
BlockheadHair.fsh	fragment	912	74c24d5ce39a5043104d71ae4fe4bc02a26891c6069ed42603715260dc065a37	suffix-composition	%@.fsh	False	0
BlockheadHair.vsh	vertex	887	ed9db67a15bf83b4ab3e7824fbbdcecd055ea32988215174b56912896791f693	suffix-composition	%@.vsh	False	0
BonusParticle.fsh	fragment	379	268c9bb4ef2327043c6d3ef95dfafdd49924b541e819a4eff2dde0ccec28c596	verbatim	BonusParticle.fsh	False	0
BonusParticle.vsh	vertex	424	c641f1aa8feec0b29e367a73eb8ebc010349ded5fd9721990ed77380b0ed132b	verbatim	BonusParticle.vsh	False	0
Button.fsh	fragment	857	bbfba72375cf936b4493fad4509366a15b9be0de4ee668b311b143bab54ea6d5	verbatim	Button.fsh	False	0
Button.vsh	vertex	503	81a5c5e26d55353cdc5b51d14d5ead3176804b4fd8a42dad7bdac165ed4b6541	verbatim	Button.vsh	False	0
Cloud.fsh	fragment	247	38f175867f945cf5ac9f09a67921be50b0d94d6daa043d18a76edee3721941ad	suffix-composition	%@.fsh	False	0
Cloud.vsh	vertex	470	ea756b0cdcc4e453618c6142e6db000b07b7ca540f790ed1438568464b450478	suffix-composition	%@.vsh	False	0
CloudHD.fsh	fragment	524	c53525a1d766751dd767b3e7a41ef4dd3891a5902a6ff0a4271368b6cf105d06	suffix-composition	%@.fsh	False	0
CloudHD.vsh	vertex	378	fde33b4ce3caf27bc3e71d705f99338fca8658da0c784807ea06ed475b30987e	suffix-composition	%@.vsh	False	0
ColorPicker.fsh	fragment	1211	2b9560b5c648c6666f7de623f4d323616752f017f62de586f0e717cbb13fe985	suffix-composition	%@.fsh	False	0
ColorPicker.vsh	vertex	359	3c809206062b0756f5cb9230f6068dd0e6420f7182a28e18ce869cf77ee287c1	suffix-composition	%@.vsh	False	0
ColorWell.fsh	fragment	384	179280c4dcedfdff726979456d4d5fa9397cc1a14d5345ae1e617dac18a23e89	suffix-composition	%@.fsh	False	2
ColorWell.vsh	vertex	346	5399287f2a0e49ab6ed960928f374fe4d39eff8603e2cb3968c97e952606f519	suffix-composition	%@.vsh	False	2
ColoredNPC.fsh	fragment	546	128beb844df680da2a2a1b442a3a60b8b8c4d66e503020614ed34a69175b27f5	suffix-composition	%@.fsh	False	0
ColoredNPC.vsh	vertex	591	6b57e96ef444691695566b9702078372e634fe17321f1bf8b79014b3f7d63e27	suffix-composition	%@.vsh	False	0
ColoredNoTexture.fsh	fragment	240	10c0196da5267228e9256a07a27088995d42d60b04efff81f535314d9361834f	suffix-composition	%@.fsh	False	4
ColoredNoTexture.vsh	vertex	261	c9d0ab7ad52125cf723eb15e6657b5e04f64ab03d627eec5c6a0cd4f7ac9b6c1	suffix-composition	%@.vsh	False	4
DodoBreedBody.fsh	fragment	1440	e482987743aac6cfc023363d5cb60d5902483febebc1f62e2499d83c0756314c	suffix-composition	%@.fsh	False	0
DodoBreedBody.vsh	vertex	714	e186edcfc5bc1a98c842b39521a7af401fad430c0375e21e1e7a2f8f5517b04f	suffix-composition	%@.vsh	False	0
DrawCube.fsh	fragment	1114	92a7fb4bb6e1ea0aca70b76459304bb3c5f2a7fe9fd7e6f44f907e632d3ec625	suffix-composition	%@.fsh	False	0
DrawCube.vsh	vertex	683	0d428e54901fc8261c828597ca544941824b0a0d84255bdc7d9894fa6d5e5dfc	suffix-composition	%@.vsh	False	0
FreeBlock.fsh	fragment	1014	82cc6be378929cb18da430dbfa1f9cf962c9cbca3b24ff37b5f75d5aac11712f	suffix-composition	%@.fsh	False	0
FreeBlock.vsh	vertex	714	e186edcfc5bc1a98c842b39521a7af401fad430c0375e21e1e7a2f8f5517b04f	suffix-composition	%@.vsh	False	0
InProgressPainting.fsh	fragment	592	65f6424e8250a54a9459c407fd832288ce4f2c630195a5a69f19f187cda61680	suffix-composition	%@.fsh	False	0
InProgressPainting.vsh	vertex	354	152c6178ce2564af93da58e8388bdd58cfbdbe90f0db10434e1cef48f2d26aa8	suffix-composition	%@.vsh	False	0
Item.fsh	fragment	1282	426b5c4babd11ad1a3d5879bf1fdd49eaae4d6bc7412909a049d807173cb4ba1	suffix-composition	%@.fsh	True	0
Item.vsh	vertex	357	c671f0e99d1981b11d9a45ad0edd39020f30edd6889d0a4380de4492a98fa3d1	suffix-composition	%@.vsh	True	0
LightQuads.fsh	fragment	492	129b45eec07e6e114180d3e41c266aa7a08b08f6129e54ed34f6e32a98ad688b	verbatim	LightQuads.fsh	False	0
LightQuads.vsh	vertex	530	6fe50e4c819e7ffb4168f8679441d90d3ce0c1900f2908dd41ae370f1422699f	verbatim	LightQuads.vsh	False	0
MJButton.fsh	fragment	373	456aa5d2cc192183f8aefd7c37fb2f1786ae90cae2afe9e61882fbb707c10948	suffix-composition	%@.fsh	False	6
MJButton.vsh	vertex	404	323ad1d6dc33101e5201499ed4433969576f1f08f78b5d27863f7e2f874f5c2a	suffix-composition	%@.vsh	False	6
Painting.fsh	fragment	370	700b80fea2d1c07888c4081a35e5326f9c41e8a31f0226b44ca390b6fe5f91ba	suffix-composition	%@.fsh	False	0
Painting.vsh	vertex	427	d8be04baeca733dfc52a72df509ff58f9e1f9e48c87260504a59422a2639d026	suffix-composition	%@.vsh	False	0
Particle.fsh	fragment	211	bd805c7f54d98cbabe72e7944c52749a0088d13f2b8fcf93c5820498c7a18ddc	verbatim	Particle.fsh	False	0
Particle.vsh	vertex	364	a77595ab1be2a417627c716de67665d8a31698d4586bfca433ecf473867b7689	verbatim	Particle.vsh	False	0
PortalPreview.fsh	fragment	459	a14ac8e555fe7ba25f23b1e2cd4a7ab1832032ac73d942459cccfd4359e8e713	verbatim	PortalPreview.fsh	False	0
PortalPreview.vsh	vertex	351	2baf63efbdd6d5307b0181ffb5710c7c877f383017fdf912bbf50da6ba7c5857	verbatim	PortalPreview.vsh	False	0
Rain.fsh	fragment	604	48ee5ade7189fb65fd2b94e063c576749ffbf187cca125b47049a8e67236ad81	suffix-composition	%@.fsh	False	0
Rain.vsh	vertex	524	b2f7f1cfeaff8d28c4958561f225f47863dfd477cc794059fb2339e5451905f4	suffix-composition	%@.vsh	False	0
ShadedWorldObject.fsh	fragment	449	a10fab1abc3c1753723081ea59b97dec34b6671732be4f4a2191a598d8b52831	suffix-composition	%@.fsh	False	0
ShadedWorldObject.vsh	vertex	591	6b57e96ef444691695566b9702078372e634fe17321f1bf8b79014b3f7d63e27	suffix-composition	%@.vsh	False	0
ShadedWorldObjectMultiTexture.fsh	fragment	1461	39ee7f09735ad77d2b713b5ecacd0ea330dd2f8ee3b359a820d32fc304b4a576	suffix-composition	%@.fsh	False	0
ShadedWorldObjectMultiTexture.vsh	vertex	887	ed9db67a15bf83b4ab3e7824fbbdcecd055ea32988215174b56912896791f693	suffix-composition	%@.vsh	False	0
Sky.fsh	fragment	533	c14c789cc2bf664dda5da9c09f62fab5a7349699d7e212b71bf85a2a4635a904	suffix-composition	%@.fsh	False	0
Sky.vsh	vertex	354	152c6178ce2564af93da58e8388bdd58cfbdbe90f0db10434e1cef48f2d26aa8	suffix-composition	%@.vsh	False	0
SkyBetter.fsh	fragment	539	030760187e799de0dac864b9a38d2dcdf0c6e08b5ce5d2c4479f01ddd1696e29	verbatim	SkyBetter.fsh	False	0
SkyBetter.vsh	vertex	401	5bb552f41e4b6fd7576dc9c614a60ea77b57186fd4180bdb6bdeb0ef7f93fda2	verbatim	SkyBetter.vsh	False	0
Snow.fsh	fragment	591	58e493b861bee037eb10d33af2aebc0f3b7453582dba269ea0fbd8e8c6b0e44a	suffix-composition	%@.fsh	False	1
Snow.vsh	vertex	705	abb17c18cc0932e6bc19a1266328886c0d67a8d736274d074e6c4b1e43365930	suffix-composition	%@.vsh	False	1
StandardObject.fsh	fragment	339	eef4a43b46108d9645984a80c69b0bc4df38d108dda6831f298533519d360ee2	suffix-composition	%@.fsh	False	11
StandardObject.vsh	vertex	351	2baf63efbdd6d5307b0181ffb5710c7c877f383017fdf912bbf50da6ba7c5857	suffix-composition	%@.vsh	False	11
StandardObjectColored.fsh	fragment	373	456aa5d2cc192183f8aefd7c37fb2f1786ae90cae2afe9e61882fbb707c10948	suffix-composition	%@.fsh	False	6
StandardObjectColored.vsh	vertex	351	2baf63efbdd6d5307b0181ffb5710c7c877f383017fdf912bbf50da6ba7c5857	suffix-composition	%@.vsh	False	6
Star.fsh	fragment	287	338f6d082315439919657840764fcf6ab74af77c4595595d1fe5c677207528ae	verbatim	Star.fsh	False	0
Star.vsh	vertex	534	f6d9d9f4427674b1597ddb8e4e2db9321e2479055e763a4cdf6cc338875a55c0	verbatim	Star.vsh	False	0
StaticDrawCubes.fsh	fragment	1371	148baef791fc25dcdff31384aaf4714ecf7e9c3117480bfc9dfb778a977deceb	suffix-composition	%@.fsh	False	0
StaticDrawCubes.vsh	vertex	869	bddfceae34e590dc40c8f6e0c4cd43d813c46553adb32e0a2774555c5a39620d	suffix-composition	%@.vsh	False	0
Text.fsh	fragment	373	456aa5d2cc192183f8aefd7c37fb2f1786ae90cae2afe9e61882fbb707c10948	suffix-composition	%@.fsh	False	1
Text.vsh	vertex	408	8deb282ae20cbddb05f98577b605522d10a74e97f720c2e63ce87b8d2190f7e2	suffix-composition	%@.vsh	False	1
Tulip.fsh	fragment	674	8e62c562dcede3edeefab76ea2bdc19329c7c91ef9bc6ca31a35b2c4b1a979a6	suffix-composition	%@.fsh	False	0
Tulip.vsh	vertex	354	152c6178ce2564af93da58e8388bdd58cfbdbe90f0db10434e1cef48f2d26aa8	suffix-composition	%@.vsh	False	0
Vignette.fsh	fragment	567	75c6eaa06ac4e681e255f367295605d031c81fd5403e1ea10b671406ff666e60	suffix-composition	%@.fsh	False	0
Vignette.vsh	vertex	353	016e65e40328474fdbca89d3003e11a8384966feea73d75762e07a0a6aacec4a	suffix-composition	%@.vsh	False	0
WorldObject.fsh	fragment	365	3e4eea1a8f6a95424c661be41385cc5f617a2290fd67ac977dbac16a221f1cac	suffix-composition	%@.fsh	False	3
WorldObject.vsh	vertex	354	152c6178ce2564af93da58e8388bdd58cfbdbe90f0db10434e1cef48f2d26aa8	suffix-composition	%@.vsh	False	3
WorldObjectGather.fsh	fragment	618	83a25bac351e7071814e4494ca8a50e0970d6aa861795a7a6a0a567b5fa1c816	suffix-composition	%@.fsh	False	0
WorldObjectGather.vsh	vertex	354	152c6178ce2564af93da58e8388bdd58cfbdbe90f0db10434e1cef48f2d26aa8	suffix-composition	%@.vsh	False	0
WorldObjectNewLighting.fsh	fragment	2319	d22cfd250462574a3511bba3e1554c545ae6917cba1ab3d613aa5990db2c0530	suffix-composition	%@.fsh	False	0
WorldObjectNewLighting.vsh	vertex	947	1d5504b307d13c7e396a92294e88cb1cc75302a015d1264a5ee831f13a56166f	suffix-composition	%@.vsh	False	0
dodoEggSingle.fsh	fragment	1435	fe5e4351e80c0fcfabf85d39895bcbb5e1b2216ccc59f3087647d298994da588	suffix-composition	%@.fsh	False	0
dodoEggSingle.vsh	vertex	489	450848763cf6bd44c7aacfc5a133275c9c4a0b74bf8a6b2f88f43637ef69a79a	suffix-composition	%@.vsh	False	0
dodoEggStatic.fsh	fragment	1605	9120ee62a7d7a35c061fbe359a9537e4fdca0b18211d8d198c384133e10d43aa	suffix-composition	%@.fsh	False	0
dodoEggStatic.vsh	vertex	730	45e796a0e8a31c217ff5a11d05ac41f010ba57ed34e183a02532eafd6bffa318	suffix-composition	%@.vsh	False	0
