domain	atlas	rows	with_ink	empty	out_of_bounds
formula_domain_in_items	Items.png	344	338	6	0
sample	0	col=0 row=0 ink=373
sample	1	col=1 row=0 ink=1118
sample	2	col=2 row=0 ink=0
sample	3	col=3 row=0 ink=1192
sample	4	col=4 row=0 ink=564
sample	5	col=5 row=0 ink=0
image_domain_in_tilemap	TileMap.png	82	82	0	0
sample	1024	col=1 row=1 ink=4096
sample	1025	col=0 row=1 ink=4096
sample	1026	col=2 row=1 ink=4096
sample	1027	col=2 row=2 ink=4096
sample	1028	col=3 row=1 ink=4096
sample	1029	col=3 row=2 ink=4096
image_domain_in_items	Items.png	82	70	1	11
sample	1024	col=1 row=1 ink=1023
sample	1025	col=0 row=1 ink=1244
sample	1026	col=2 row=1 ink=869
sample	1027	col=2 row=2 ink=907
sample	1028	col=3 row=1 ink=865
sample	1029	col=3 row=2 ink=966
