kind	key	value
localization	en.lproj/InfoPlist.strings	keys=0
probe-symbol	itemName	0
probe-symbol	itemNameForType	0
probe-symbol	nameForItemType	0
probe-symbol	displayName	1
probe-symbol	localizedString	0
probe-symbol	NSLocalizedString	0
sentence		A BETTER FASTER KILN.
sentence		A BRIGHT BLUE GLOW.
sentence		A CAUSE FOR EXTINCTION.
sentence		A CHEERFUL BLUE.
sentence		A DIRECTIONAL SPOTLIGHT.
sentence		A DOOR FOR THE FLOOR.
sentence		A GIFT FROM THE SEA.
sentence		A HARD RESIN.
sentence		A MORE SATISFYING MEAL.
sentence		A PIZZA NECESSITY.
sentence		A SHARPER SWORD.
sentence		A TINTED LOOK.
sentence		ADD CREDIT TO THIS SERVER.
sentence		AN EASIER PATH.
sentence		AN INTENSE GREEN.
sentence		AND CANNOT BE MODIFIED.
sentence		AND IS NOW REGENERATING!
sentence		AND SAVE TIME.
sentence		ANOTHER BLOCKHEAD COULD CRAFT WHILE YOUR FIRST BLOCKHEAD MINES AND EXPLORES, OR JUST MEDITATE FOR FREE STUFF!
sentence		ARE YOU SURE?
sentence		ARMOR FOR YOUR LEGS.
sentence		AS STRONG AS TITANIUM.
sentence		Another player is currently logged in with the same username.
sentence		Are you sure you want to exit The Blockheads?
sentence		As this server is now whitelisted, it can no longer be public. The privacy setting has been changed to SEARCHABLE.
sentence		Attempt to create new physical block failed.
sentence		Attempting to reconnect...
sentence		Attempting to send data from a background thread.
sentence		BE CAREFUL, NOW.
sentence		BE RESTED IN NO TIME.
sentence		BETTER FURNACE, CRAFT SILICON.
sentence		BETTER THAN IRON.
sentence		BETTER THAN STEEL.
sentence		BLUE OF THE SKY.
sentence		BREW FOR ENERGY.
sentence		BRIGHT AND WATERPROOF.
sentence		BRIGHTER THAN TORCHES.
sentence		BUILD FLOATING PLATFORMS.
sentence		BUILD RAIL & TRAINS.
sentence		BURNS FUEL FOR ELECTRICITY.
sentence		Bad message digest.
sentence		Bad request format or system error.
sentence		Bad request version.
sentence		Be careful where you place it though, it can ignite nearby trees or wood!
sentence		But keep looking for flint. It's a darker, shinier rock.
sentence		CALM AND SOOTHING.
sentence		CAN BE SLUICED FOR ORES.
sentence		CAN'T BLOW THIS DOWN.
sentence		CARRIES 2 BLOCKHEADS.
sentence		CARRY MORE STUFF.
sentence		CARRY PAINT OR WATER.
sentence		CATCH AND CARRY CREATURES.
sentence		CATCH FISH WITH EASE.
sentence		CHARCOAL, POTTERY, GLASS.
sentence		CHECK AGAIN SOON!
sentence		CHOP DOWN TREES.
sentence		CHOP FASTER THAN FLINT.
sentence		CLEAR BUSH EVEN FASTER.
sentence		CLEAR DIRT WITH ONE DIG.
sentence		COOK UP A STORM.
sentence		CRAFT ARMOR FOR PROTECTION.
sentence		CRAFT BASKETS AND MORE.
sentence		CRAFT COLUMNS AND STAIRS.
sentence		CRAFT STRING & CLOTHING.
sentence		CRAFT TWICE AS FAST!
sentence		CRAFT WITH BRONZE.
sentence		CRAFT WITH COPPER.
sentence		CRAFT WITH IRON.
sentence		CRAFT WITH METAL.
sentence		CRAFT WITH TIN.
sentence		CRAFT WITH WOOD.
sentence		CRYSTALS TO GET ONE NOW.
sentence		Certificate Revocation List (CRL):
sentence		Choose From Library...
sentence		Class index is out of bounds.
sentence		Close the tool bench when you are ready.
sentence		Copy this link, and use it from any iOS or Android device that has The Blockheads installed to launch the game and join this server world instantly!
sentence		Could not allocate memory. error!
sentence		DAMAGING RANGED WEAPON.
sentence		DARK AND STRONG.
sentence		DARK GLASS & MAGNETS.
sentence		DARKEN YOUR SURROUNDS.
sentence		DECORATE YOUR HOME.
sentence		DIG EVEN FASTER.
sentence		DIG FOR BONUS ITEMS.
sentence		DISPLAY THINGS SECURELY.
sentence		DONKEYS LOVE CARROTS.
sentence		DUE TO EXHAUSTION.
sentence		DUE TO STARVATION.
sentence		Database map is full. Exiting, will resize on next launch.
sentence		Dig some flint until you have 2 in your inventory.
sentence		EASILY REMOVE RAIL.
sentence		ELECTRICITY DRIVEN MOTION.
sentence		ELECTRICITY FROM THE SUN.
sentence		ENTER THE INDUSTRIAL AGE.
sentence		EXPLORE & CRAFT AT THE SAME TIME!
sentence		EXPOSED TO THE ELEMENTS.
sentence		Enable multiplayer and free crystals?
sentence		Enter PEM pass phrase:
sentence		Enter Private Key password:
sentence		Equip the spade by tapping on it in your inventory.
sentence		Error during TSTInfo generation.
sentence		Error during response generation.
sentence		Error during serial number generation.
sentence		Error during signature generation.
sentence		Error setting password. Sorry, but passwords must not be longer than 16 characters.
sentence		Error trying to subtract coins to trade.
sentence		Error trying to subtract items to sell.
sentence		Error. Unable to open app database.
sentence		Error: This world is whitelisted, and whitelisted worlds can only be serachable or private. Privacy setting has been left unchanged.
sentence		FASTER, AND CRUSHES STONE.
sentence		FEEDS PASSING ANIMALS.
sentence		FIND ORES IN GRAVEL.
sentence		FIT FOR A KNIGHT.
sentence		FOR A BETTER NIGHT'S SLEEP.
sentence		FOR A BETTER PICKAXE.
sentence		FOR ADVANCED ELECTRONICS.
sentence		FOR BREAD & PIZZA.
sentence		FOR CRAFTING WITH FIRE.
sentence		FOR EPOXY & CARBON FIBER.
sentence		FOR GRAND DESIGNS.
sentence		FOR HOT DRINKS.
sentence		FOR LEATHER CLOTHING.
sentence		FOR LONG JOURNEYS.
sentence		FOR PLANTS AND BRANCHES.
sentence		FOR STOVE COOKING.
sentence		FOR THAT GOLDEN PALACE.
sentence		FOR THE STEAM ENGINE.
sentence		FOR USE WITH A BOW.
sentence		FOR WARM CLOTHING.
sentence		FOR WHEN GOLD'S TOO CHEAP.
sentence		FOR WHITE PAINT OR DYE.
sentence		FOR WINDOWS AND CAMERAS.
sentence		FOR YOUR GREEN ROOM.
sentence		FUEL & ADVANCED MATERIALS.
sentence		Failed to connect to price server to retrieve price list.
sentence		Failed to connect to price server to send transactions.
sentence		Failed to connect to server to retrieve mission list.
sentence		Failed to load blockDatabase.
sentence		Failed to load custom seed. Resetting to random.
sentence		Failed to load lightBlockDatabase.
sentence		Failed to load world mainDatabase.
sentence		Failed to save blockhead inventory.
sentence		Failed to save blockheads.
sentence		Failed to save disconnected blockheads.
sentence		Failed to save dynamic world object data.
sentence		Failed to save portal chest data.
sentence		Failed to save tilesData.
sentence		Failed to save train chest data.
sentence		Failure info: 
sentence		Find a tree, then tap one of its branches to gather a stick.
sentence		Finished upgrading light blocks.
sentence		Flint! Now all you need for your tool bench is some plain dirt. Like before, dig a block of plain dirt near the surface.
sentence		GET 4x FROM MINING!
sentence		GET 5x FROM MINING!
sentence		GET 6x FROM MINING!
sentence		GET DOUBLE FROM MINING!
sentence		GET SOME REST.
sentence		GET TRIPLE FROM MINING!
sentence		GOOD FOR SHAVING YAKS.
sentence		GREAT FOR PIXEL ART.
sentence		GREAT FOR WINGS.
sentence		GUARD AGAINST MIND CONTROL.
sentence		Gather the required flint and a stick, then come back and craft a flint pickaxe.
sentence		Good luck, have fun!
sentence		Granted with modifications.
sentence		Grid layout is already populated?
sentence		HARD TO MINE THROUGH.
sentence		HARDER TO MINE THROUGH.
sentence		HEAL BY EATING FOOD.
sentence		HIDE FROM SUN OR SNOW.
sentence		HIGHLY DEFENSIVE PANTS.
sentence		HIT CAMERA BUTTON WHEN READY!
sentence		HOLDS PLASTER TOGETHER.
sentence		HOME SWEET HOME.
sentence		HOST LOCAL NETWORK...
sentence		Hash Algorithm: 
sentence		IF YOU DO SKIP IT, YOU CAN GO THROUGH THE TUTORIAL AGAIN AT ANY POINT BY STARTING A NEW WORLD.
sentence		INITIAL WORLD CREDIT:
sentence		INVITE TO WORLD...
sentence		IRON WITHOUT THE MESS.
sentence		If you are under 16 years old, you must get a parent or guardian to accept these conditions.
sentence		If you have not yet purchased double-time, you can do so at a portal.
sentence		Incorrect version for this device!
sentence		Invalid index path for use with UITableView.  Index paths passed to table view must contain exactly two indices specifying the section and row.  Please use the category on NSIndexPath in UITableView.h if possible.
sentence		It now takes half the time to craft all items, which also halves the cost when using time crystals.
sentence		It's a good idea to just use your hands if you don't have the right tool.
sentence		JOIN RANDOM WORLD...
sentence		JOINING WORLD. PLEASE WAIT...
sentence		KEEP OTHER PLAYERS OUT.
sentence		KEEP THE ANIMALS IN.
sentence		KEEP THE ANIMALS OUT.
sentence		KEEP YOUR TOES.
sentence		KEEPS YOU DRY IN RAIN.
sentence		LET THE DAYLIGHT IN.
sentence		LIFE'S A BEACH.
sentence		LIGHT AND STRONG.
sentence		LIGHT YOUR NIGHT.
sentence		LIKE SOME MORE LIGHT.
sentence		LOW WORLD CREDIT!
