name	kind	copies	sd_path	sd_size	hd_path	hd_size	ratio	ratio_uniform	integral_ratio
Items.png	sd-hd-pair	2	GameResources/Items.png	512x256	GameResources/HDTex/Items.png	2048x1024	4x4	True	True
Moon.png	sd-hd-pair	2	GameResources/Moon.png	128x128	GameResources/HDTex/Moon.png	512x512	4x4	True	True
Sun.png	sd-hd-pair	2	GameResources/Sun.png	16x16	GameResources/HDTex/Sun.png	512x512	32x32	True	True
TileDestruct.png	sd-hd-pair	2	GameResources/TileDestruct.png	512x512	GameResources/HDTex/TileDestruct.png	2048x2048	4x4	True	True
TileMap.png	sd-hd-pair	2	GameResources/TileMap.png	512x512	GameResources/HDTex/TileMap.png	2048x2048	4x4	True	True
TileReflect.png	sd-hd-pair	2	GameResources/TileReflect.png	512x512	GameResources/HDTex/TileReflect.png	2048x2048	4x4	True	True
arms_ct.png	sd-hd-pair	2	GameResources/arms_ct.png	16x16	GameResources/HDTex/arms_ct.png	64x64	4x4	True	True
bannedPainting.png	same-size-distinct-content	2	GameResources/bannedPainting.png	16x16	GameResources/HDTex/bannedPainting.png	16x16			
boat.png	sd-hd-pair	2	GameResources/boat.png	32x8	GameResources/HDTex/boat.png	128x32	4x4	True	True
body_ct.png	sd-hd-pair	2	GameResources/body_ct.png	32x16	GameResources/HDTex/body_ct.png	128x64	4x4	True	True
boots_south_pole.png	sd-hd-pair	2	GameResources/boots_south_pole.png	16x16	GameResources/HDTex/boots_south_pole.png	64x64	4x4	True	True
carbon_fiber_boots.png	sd-hd-pair	2	GameResources/carbon_fiber_boots.png	16x8	GameResources/HDTex/carbon_fiber_boots.png	64x32	4x4	True	True
carbon_fiber_helmet.png	sd-hd-pair	2	GameResources/carbon_fiber_helmet.png	32x8	GameResources/HDTex/carbon_fiber_helmet.png	128x32	4x4	True	True
carbon_fiber_pants.png	sd-hd-pair	2	GameResources/carbon_fiber_pants.png	16x32	GameResources/HDTex/carbon_fiber_pants.png	64x128	4x4	True	True
chatBackground.png	identical-duplicate	2	GameResources/chatBackground.png	32x32					
clownFishBody.png	sd-hd-pair	2	GameResources/clownFishBody.png	32x16	GameResources/HDTex/clownFishBody.png	128x64	4x4	True	True
clownFishSideFin.png	sd-hd-pair	2	GameResources/clownFishSideFin.png	16x8	GameResources/HDTex/clownFishSideFin.png	64x32	4x4	True	True
clownFishTail.png	sd-hd-pair	2	GameResources/clownFishTail.png	16x8	GameResources/HDTex/clownFishTail.png	64x32	4x4	True	True
coat_arm_fur.png	sd-hd-pair	2	GameResources/coat_arm_fur.png	16x16	GameResources/HDTex/coat_arm_fur.png	64x64	4x4	True	True
coat_body_fur.png	sd-hd-pair	2	GameResources/coat_body_fur.png	32x32	GameResources/HDTex/coat_body_fur.png	128x128	4x4	True	True
dodoBody.png	sd-hd-pair	2	GameResources/dodoBody.png	32x16	GameResources/HDTex/dodoBody.png	128x64	4x4	True	True
dodoFoot.png	sd-hd-pair	2	GameResources/dodoFoot.png	16x4	GameResources/HDTex/dodoFoot.png	64x16	4x4	True	True
dodoHead.png	sd-hd-pair	2	GameResources/dodoHead.png	16x4	GameResources/HDTex/dodoHead.png	64x16	4x4	True	True
dodoLeg.png	sd-hd-pair	2	GameResources/dodoLeg.png	4x8	GameResources/HDTex/dodoLeg.png	16x32	4x4	True	True
dodoNeck.png	sd-hd-pair	2	GameResources/dodoNeck.png	8x16	GameResources/HDTex/dodoNeck.png	32x64	4x4	True	True
donkeyBody.png	sd-hd-pair	2	GameResources/donkeyBody.png	64x16	GameResources/HDTex/donkeyBody.png	256x64	4x4	True	True
donkeyBodyRainbow.png	sd-hd-pair	2	GameResources/donkeyBodyRainbow.png	64x16	GameResources/HDTex/donkeyBodyRainbow.png	256x64	4x4	True	True
donkeyEar.png	sd-hd-pair	2	GameResources/donkeyEar.png	16x16	GameResources/HDTex/donkeyEar.png	64x64	4x4	True	True
donkeyEarRainbow.png	sd-hd-pair	2	GameResources/donkeyEarRainbow.png	16x16	GameResources/HDTex/donkeyEarRainbow.png	64x64	4x4	True	True
donkeyHead.png	sd-hd-pair	2	GameResources/donkeyHead.png	16x16	GameResources/HDTex/donkeyHead.png	64x64	4x4	True	True
donkeyHeadRainbow.png	sd-hd-pair	2	GameResources/donkeyHeadRainbow.png	16x16	GameResources/HDTex/donkeyHeadRainbow.png	64x64	4x4	True	True
donkeyLegs.png	sd-hd-pair	2	GameResources/donkeyLegs.png	8x16	GameResources/HDTex/donkeyLegs.png	32x64	4x4	True	True
donkeyLegsRainbow.png	sd-hd-pair	2	GameResources/donkeyLegsRainbow.png	8x16	GameResources/HDTex/donkeyLegsRainbow.png	32x64	4x4	True	True
donkeyNeck.png	sd-hd-pair	2	GameResources/donkeyNeck.png	16x16	GameResources/HDTex/donkeyNeck.png	64x64	4x4	True	True
donkeyNeckRainbow.png	sd-hd-pair	2	GameResources/donkeyNeckRainbow.png	16x16	GameResources/HDTex/donkeyNeckRainbow.png	64x64	4x4	True	True
female_face_0.png	sd-hd-pair	2	GameResources/skins/female_face_0.png	32x16	GameResources/HDTex/skins/female_face_0.png	256x128	8x8	True	True
female_face_1.png	sd-hd-pair	2	GameResources/skins/female_face_1.png	32x16	GameResources/HDTex/skins/female_face_1.png	256x128	8x8	True	True
female_face_2.png	sd-hd-pair	2	GameResources/skins/female_face_2.png	32x16	GameResources/HDTex/skins/female_face_2.png	256x128	8x8	True	True
female_face_3.png	sd-hd-pair	2	GameResources/skins/female_face_3.png	32x16	GameResources/HDTex/skins/female_face_3.png	256x128	8x8	True	True
female_hair_0.png	sd-hd-pair	2	GameResources/skins/female_hair_0.png	32x16	GameResources/HDTex/skins/female_hair_0.png	256x128	8x8	True	True
female_hair_1.png	sd-hd-pair	2	GameResources/skins/female_hair_1.png	32x16	GameResources/HDTex/skins/female_hair_1.png	256x128	8x8	True	True
female_hair_2.png	sd-hd-pair	2	GameResources/skins/female_hair_2.png	32x16	GameResources/HDTex/skins/female_hair_2.png	256x128	8x8	True	True
female_hair_3.png	sd-hd-pair	2	GameResources/skins/female_hair_3.png	32x16	GameResources/HDTex/skins/female_hair_3.png	256x128	8x8	True	True
female_singlet.png	sd-hd-pair	2	GameResources/skins/female_singlet.png	32x16	GameResources/HDTex/skins/female_singlet.png	256x128	8x8	True	True
grass_skirt.png	sd-hd-pair	2	GameResources/grass_skirt.png	16x16	GameResources/HDTex/grass_skirt.png	64x64	4x4	True	True
grizratBodyFront.png	sd-hd-pair	2	GameResources/grizratBodyFront.png	32x16	GameResources/HDTex/grizratBodyFront.png	128x64	4x4	True	True
grizratHead.png	sd-hd-pair	2	GameResources/grizratHead.png	32x16	GameResources/HDTex/grizratHead.png	128x64	4x4	True	True
grizratLeg.png	sd-hd-pair	2	GameResources/grizratLeg.png	32x8	GameResources/HDTex/grizratLeg.png	128x32	4x4	True	True
grizratSnout.png	sd-hd-pair	2	GameResources/grizratSnout.png	32x16	GameResources/HDTex/grizratSnout.png	128x64	4x4	True	True
hat_fruit.png	sd-hd-pair	2	GameResources/hat_fruit.png	16x16	GameResources/HDTex/hat_fruit.png	64x64	4x4	True	True
hat_linen.png	sd-hd-pair	2	GameResources/hat_linen.png	32x16	GameResources/HDTex/hat_linen.png	128x64	4x4	True	True
hat_santa.png	identical-duplicate	2	GameResources/hat_santa.png	32x32	GameResources/HDTex/hat_santa.png	32x32			
hat_tin_foil.png	sd-hd-pair	2	GameResources/hat_tin_foil.png	32x16	GameResources/HDTex/hat_tin_foil.png	128x64	4x4	True	True
head_ct.png	sd-hd-pair	2	GameResources/head_ct.png	32x16	GameResources/HDTex/head_ct.png	128x64	4x4	True	True
ice_armour_arm.png	sd-hd-pair	2	GameResources/ice_armour_arm.png	16x16	GameResources/HDTex/ice_armour_arm.png	64x64	4x4	True	True
ice_armour_body.png	sd-hd-pair	2	GameResources/ice_armour_body.png	32x32	GameResources/HDTex/ice_armour_body.png	128x128	4x4	True	True
ice_armour_boots.png	sd-hd-pair	2	GameResources/ice_armour_boots.png	16x8	GameResources/HDTex/ice_armour_boots.png	64x32	4x4	True	True
ice_armour_helmet.png	sd-hd-pair	2	GameResources/ice_armour_helmet.png	32x16	GameResources/HDTex/ice_armour_helmet.png	128x64	4x4	True	True
ice_armour_legs.png	sd-hd-pair	2	GameResources/ice_armour_legs.png	16x32	GameResources/HDTex/ice_armour_legs.png	64x128	4x4	True	True
iron_armour_arm.png	sd-hd-pair	2	GameResources/iron_armour_arm.png	16x16	GameResources/HDTex/iron_armour_arm.png	64x64	4x4	True	True
iron_armour_body.png	sd-hd-pair	2	GameResources/iron_armour_body.png	32x32	GameResources/HDTex/iron_armour_body.png	128x128	4x4	True	True
iron_armour_boots.png	sd-hd-pair	2	GameResources/iron_armour_boots.png	16x8	GameResources/HDTex/iron_armour_boots.png	64x32	4x4	True	True
iron_armour_helmet.png	sd-hd-pair	2	GameResources/iron_armour_helmet.png	32x16	GameResources/HDTex/iron_armour_helmet.png	128x64	4x4	True	True
iron_armour_legs.png	sd-hd-pair	2	GameResources/iron_armour_legs.png	16x32	GameResources/HDTex/iron_armour_legs.png	64x128	4x4	True	True
jetpack_arm.png	sd-hd-pair	2	GameResources/jetpack_arm.png	16x16	GameResources/HDTex/jetpack_arm.png	64x64	4x4	True	True
jetpack_body.png	sd-hd-pair	2	GameResources/jetpack_body.png	32x32	GameResources/HDTex/jetpack_body.png	128x128	4x4	True	True
legs_ct.png	sd-hd-pair	2	GameResources/legs_ct.png	16x16	GameResources/HDTex/legs_ct.png	64x64	4x4	True	True
mainMenuBackground.png	distinct-sizes-no-hd	2	GameResources/instructions/mainMenuBackground.png	1024x1536					
male_face_0.png	sd-hd-pair	2	GameResources/skins/male_face_0.png	32x16	GameResources/HDTex/skins/male_face_0.png	256x128	8x8	True	True
male_face_1.png	sd-hd-pair	2	GameResources/skins/male_face_1.png	32x16	GameResources/HDTex/skins/male_face_1.png	256x128	8x8	True	True
male_face_2.png	sd-hd-pair	2	GameResources/skins/male_face_2.png	32x16	GameResources/HDTex/skins/male_face_2.png	256x128	8x8	True	True
male_face_3.png	sd-hd-pair	2	GameResources/skins/male_face_3.png	32x16	GameResources/HDTex/skins/male_face_3.png	256x128	8x8	True	True
male_hair_0.png	sd-hd-pair	2	GameResources/skins/male_hair_0.png	32x16	GameResources/HDTex/skins/male_hair_0.png	256x128	8x8	True	True
male_hair_1.png	sd-hd-pair	2	GameResources/skins/male_hair_1.png	32x16	GameResources/HDTex/skins/male_hair_1.png	256x128	8x8	True	True
male_hair_2.png	sd-hd-pair	2	GameResources/skins/male_hair_2.png	32x16	GameResources/HDTex/skins/male_hair_2.png	256x128	8x8	True	True
male_hair_3.png	sd-hd-pair	2	GameResources/skins/male_hair_3.png	32x16	GameResources/HDTex/skins/male_hair_3.png	256x128	8x8	True	True
male_hair_4.png	sd-hd-pair	2	GameResources/skins/male_hair_4.png	32x16	GameResources/HDTex/skins/male_hair_4.png	256x128	8x8	True	True
male_hair_5.png	sd-hd-pair	2	GameResources/skins/male_hair_5.png	32x16	GameResources/HDTex/skins/male_hair_5.png	256x128	8x8	True	True
male_hair_6.png	sd-hd-pair	2	GameResources/skins/male_hair_6.png	32x16	GameResources/HDTex/skins/male_hair_6.png	256x128	8x8	True	True
male_hair_7.png	sd-hd-pair	2	GameResources/skins/male_hair_7.png	32x16	GameResources/HDTex/skins/male_hair_7.png	256x128	8x8	True	True
male_singlet.png	sd-hd-pair	2	GameResources/skins/male_singlet.png	32x16	GameResources/HDTex/skins/male_singlet.png	256x128	8x8	True	True
pants_leather.png	sd-hd-pair	2	GameResources/pants_leather.png	16x32	GameResources/HDTex/pants_leather.png	64x128	4x4	True	True
pants_linen.png	sd-hd-pair	2	GameResources/pants_linen.png	16x32	GameResources/HDTex/pants_linen.png	64x128	4x4	True	True
scorpion.png	sd-hd-pair	2	GameResources/scorpion.png	32x16	GameResources/HDTex/scorpion.png	128x64	4x4	True	True
scorpionLeg.png	sd-hd-pair	2	GameResources/scorpionLeg.png	8x8	GameResources/HDTex/scorpionLeg.png	32x32	4x4	True	True
sharkBodyBack.png	sd-hd-pair	2	GameResources/sharkBodyBack.png	32x8	GameResources/HDTex/sharkBodyBack.png	128x32	4x4	True	True
sharkBodyFront.png	sd-hd-pair	2	GameResources/sharkBodyFront.png	64x16	GameResources/HDTex/sharkBodyFront.png	256x64	4x4	True	True
sharkHeadBottom.png	sd-hd-pair	2	GameResources/sharkHeadBottom.png	16x8	GameResources/HDTex/sharkHeadBottom.png	64x32	4x4	True	True
sharkHeadTop.png	sd-hd-pair	2	GameResources/sharkHeadTop.png	32x8	GameResources/HDTex/sharkHeadTop.png	128x32	4x4	True	True
sharkSideFin.png	sd-hd-pair	2	GameResources/sharkSideFin.png	16x16	GameResources/HDTex/sharkSideFin.png	32x32	2x2	True	True
sharkTailFinBottom.png	sd-hd-pair	2	GameResources/sharkTailFinBottom.png	16x8	GameResources/HDTex/sharkTailFinBottom.png	64x32	4x4	True	True
sharkTailFinTop.png	sd-hd-pair	2	GameResources/sharkTailFinTop.png	16x8	GameResources/HDTex/sharkTailFinTop.png	64x32	4x4	True	True
sharkTopFin.png	sd-hd-pair	2	GameResources/sharkTopFin.png	16x8	GameResources/HDTex/sharkTopFin.png	64x32	4x4	True	True
shirt_arm_leather.png	sd-hd-pair	2	GameResources/shirt_arm_leather.png	8x16	GameResources/HDTex/shirt_arm_leather.png	32x64	4x4	True	True
shirt_arm_linen.png	sd-hd-pair	2	GameResources/shirt_arm_linen.png	8x16	GameResources/HDTex/shirt_arm_linen.png	32x64	4x4	True	True
shirt_body_leather.png	sd-hd-pair	2	GameResources/shirt_body_leather.png	32x16	GameResources/HDTex/shirt_body_leather.png	128x64	4x4	True	True
shirt_body_linen.png	sd-hd-pair	2	GameResources/shirt_body_linen.png	32x16	GameResources/HDTex/shirt_body_linen.png	128x64	4x4	True	True
tin_armour_arm.png	sd-hd-pair	2	GameResources/tin_armour_arm.png	16x16	GameResources/HDTex/tin_armour_arm.png	64x64	4x4	True	True
tin_armour_body.png	sd-hd-pair	2	GameResources/tin_armour_body.png	32x32	GameResources/HDTex/tin_armour_body.png	128x128	4x4	True	True
tin_armour_boots.png	sd-hd-pair	2	GameResources/tin_armour_boots.png	16x8	GameResources/HDTex/tin_armour_boots.png	64x32	4x4	True	True
tin_armour_helmet.png	sd-hd-pair	2	GameResources/tin_armour_helmet.png	32x16	GameResources/HDTex/tin_armour_helmet.png	128x64	4x4	True	True
tin_armour_legs.png	sd-hd-pair	2	GameResources/tin_armour_legs.png	16x32	GameResources/HDTex/tin_armour_legs.png	64x128	4x4	True	True
titanium_armour_arm.png	sd-hd-pair	2	GameResources/titanium_armour_arm.png	16x16	GameResources/HDTex/titanium_armour_arm.png	64x64	4x4	True	True
titanium_armour_body.png	sd-hd-pair	2	GameResources/titanium_armour_body.png	32x32	GameResources/HDTex/titanium_armour_body.png	128x128	4x4	True	True
titanium_armour_boots.png	sd-hd-pair	2	GameResources/titanium_armour_boots.png	16x8	GameResources/HDTex/titanium_armour_boots.png	64x32	4x4	True	True
titanium_armour_helmet.png	sd-hd-pair	2	GameResources/titanium_armour_helmet.png	32x8	GameResources/HDTex/titanium_armour_helmet.png	128x32	4x4	True	True
titanium_armour_legs.png	sd-hd-pair	2	GameResources/titanium_armour_legs.png	16x32	GameResources/HDTex/titanium_armour_legs.png	64x128	4x4	True	True
tulipFlower.png	same-size-distinct-content	2	GameResources/tulipFlower.png	64x64	GameResources/HDTex/tulipFlower.png	64x64			
unicornBody.png	sd-hd-pair	2	GameResources/unicornBody.png	64x16	GameResources/HDTex/unicornBody.png	256x64	4x4	True	True
unicornBodyRainbow.png	sd-hd-pair	2	GameResources/unicornBodyRainbow.png	64x16	GameResources/HDTex/unicornBodyRainbow.png	256x64	4x4	True	True
unicornEar.png	sd-hd-pair	2	GameResources/unicornEar.png	16x16	GameResources/HDTex/unicornEar.png	64x64	4x4	True	True
unicornEarRainbow.png	sd-hd-pair	2	GameResources/unicornEarRainbow.png	16x16	GameResources/HDTex/unicornEarRainbow.png	64x64	4x4	True	True
unicornHead.png	sd-hd-pair	2	GameResources/unicornHead.png	16x16	GameResources/HDTex/unicornHead.png	64x64	4x4	True	True
unicornHeadRainbow.png	sd-hd-pair	2	GameResources/unicornHeadRainbow.png	16x16	GameResources/HDTex/unicornHeadRainbow.png	64x64	4x4	True	True
unicornHorn.png	sd-hd-pair	2	GameResources/unicornHorn.png	8x16	GameResources/HDTex/unicornHorn.png	32x64	4x4	True	True
unicornHornRainbow.png	sd-hd-pair	2	GameResources/unicornHornRainbow.png	8x16	GameResources/HDTex/unicornHornRainbow.png	32x64	4x4	True	True
unicornLegs.png	sd-hd-pair	2	GameResources/unicornLegs.png	8x16	GameResources/HDTex/unicornLegs.png	32x64	4x4	True	True
unicornLegsRainbow.png	sd-hd-pair	2	GameResources/unicornLegsRainbow.png	8x16	GameResources/HDTex/unicornLegsRainbow.png	32x64	4x4	True	True
unicornNeck.png	sd-hd-pair	2	GameResources/unicornNeck.png	16x16	GameResources/HDTex/unicornNeck.png	64x64	4x4	True	True
unicornNeckRainbow.png	sd-hd-pair	2	GameResources/unicornNeckRainbow.png	16x16	GameResources/HDTex/unicornNeckRainbow.png	64x64	4x4	True	True
yakBody.png	sd-hd-pair	2	GameResources/yakBody.png	64x16	GameResources/HDTex/yakBody.png	256x64	4x4	True	True
yakBodyShaved.png	sd-hd-pair	2	GameResources/yakBodyShaved.png	64x16	GameResources/HDTex/yakBodyShaved.png	256x64	4x4	True	True
yakHead.png	sd-hd-pair	2	GameResources/yakHead.png	32x16	GameResources/HDTex/yakHead.png	128x64	4x4	True	True
yakHorn.png	sd-hd-pair	2	GameResources/yakHorn.png	8x8	GameResources/HDTex/yakHorn.png	32x32	4x4	True	True
yakLegs.png	sd-hd-pair	2	GameResources/yakLegs.png	8x16	GameResources/HDTex/yakLegs.png	32x64	4x4	True	True
yakLegsShaved.png	sd-hd-pair	2	GameResources/yakLegsShaved.png	8x16	GameResources/HDTex/yakLegsShaved.png	32x64	4x4	True	True
yakNeck.png	sd-hd-pair	2	GameResources/yakNeck.png	16x16	GameResources/HDTex/yakNeck.png	128x64	8x4	False	True
