field	distinct	zero	top_values
raw[0]	15	0	1:26641,2:7157,3:2839,31:2048,6:1166,12:587,8:207,14:116
raw[1]	7	0	1:34116,2:5324,6:1166,8:207,27:90,58:33,7:24
raw[3]	19	40379	0:40379,65:126,63:102,64:84,1:58,61:55,62:51,2:41
raw[5]	1	40960	0:40960
raw[6]	10	40900	0:40900,18:8,38:8,46:8,81:8,92:8,139:8,54:4
raw[7]	7	36481	0:36481,255:4460,190:8,125:7,224:2,94:1,159:1
raw[8]	21	40902	0:40902,124:8,125:7,133:4,126:4,122:4,132:4,119:3
raw[12]	1	40960	0:40960
int16@raw[5]	9	-	small_nonzero=0
int16@raw[6]	24	-	small_nonzero=10
int16@raw[7]	26	-	small_nonzero=7
int16@raw[8]	29	-	small_nonzero=20
offset8!=0	type=2	backWall=2	contents=6 scale=255 tiles=26
offset8!=0	type=2	backWall=2	contents=3 scale=255 tiles=11
offset8!=0	type=2	backWall=2	contents=8 scale=255 tiles=7
offset8!=0	type=2	backWall=2	contents=0 scale=255 tiles=4
offset8!=0	type=2	backWall=2	contents=18 scale=255 tiles=4
offset8!=0	type=2	backWall=2	contents=5 scale=255 tiles=2
offset8!=0	type=2	backWall=2	contents=7 scale=255 tiles=2
offset8!=0	type=2	backWall=2	contents=4 scale=255 tiles=1
offset8!=0	type=2	backWall=2	contents=20 scale=255 tiles=1
