kind	address	detail
compare	0x00a22d78	imm=256 (0x100)
compare	0x00a22d84	imm=224 (0xe0)
compare	0x00a22d90	imm=512 (0x200)
compare	0x00a22d9c	imm=480 (0x1e0)
compare-reg	0x00a22dac	imm=265 (0x109)
compare-reg	0x00a22dbc	imm=274 (0x112)
compare-reg	0x00a22dcc	imm=274 (0x112)
call	0x00a22e3c	-> 0x001c3d4c
call	0x00a22e54	-> 0x00a30e38
call	0x00a22e7c	-> 0x001c3020
jump-table	0x00a22ed0	entries=77 distinct=51
frame-slot	fp-0x198	
frame-slot	fp-0x1b4	
frame-slot	fp-0x540	
frame-slot	fp-0x544	
frame-slot	fp-0x570	
