tile_type	tile_resolution	item_type	provenance	image	col	row	u	v	case_target	cell_cross_check	note	conditional_cases	reason
1	conditional		contents-conditional						0x00a18b04		draw depends on contentsType(); the conditional table holds the resolved compare chain (1 steps not marked resolved)	8	
2	conditional		contents-conditional						0x00a187c0		draw depends on contentsType(); the conditional table holds the resolved compare chain (2 steps not marked resolved)	22	
3	conditional		contents-conditional						0x00a187c0		draw depends on contentsType(); the conditional table holds the resolved compare chain (2 steps not marked resolved)	22	
4	direct	1060	tile-map-inline	110	14	3			0x00a18d7c	match			
5	conditional		contents-conditional						0x00a187c0		draw depends on contentsType(); the conditional table holds the resolved compare chain (2 steps not marked resolved)	22	
6	conditional		contents-conditional						0x00a18a98		draw depends on contentsType(); the conditional table holds the resolved compare chain (1 steps not marked resolved)	3	
7	direct	1051	tile-map-inline	65	1	2			0x00a18aec	match			
8	direct	1051	tile-map-inline	65	1	2			0x00a18aec	match			
9	direct	1049	tile-map-inline	196	4	6			0x00a18d04	match			
10	direct	1024	tile-map-inline	33	1	1			0x00a18bec	match			
11	direct	1026	tile-map-inline	34	2	1			0x00a18bf8	match			
12	conditional		contents-conditional						0x00a18c10		draw depends on contentsType(); the conditional table holds the resolved compare chain (1 steps not marked resolved)	2	
13	conditional		contents-conditional						0x00a18c10		draw depends on contentsType(); the conditional table holds the resolved compare chain (1 steps not marked resolved)	2	
14	direct	1030	tile-map-inline	76	12	2			0x00a18c50	match			
15	direct	1030	tile-map-inline	76	12	2			0x00a18c50	match			
16	direct	11	item-sprite-domain		11	0	0.34423828125	0.00048828125	0x00a18d1c		cell from the item sprite domain for ItemType 11		
17	direct	1036	tile-map-inline	80	16	2			0x00a18d28	match			
18	direct	1036	tile-map-inline	80	16	2			0x00a18d28	match			
19	direct	1038	tile-map-inline	82	18	2			0x00a18d34	match			
20	direct	1038	tile-map-inline	82	18	2			0x00a18d34	match			
21	direct	1039	tile-map-inline	32	0	1			0x00a18d40	match			
22	direct	1040	tile-map-inline	32	0	1			0x00a18d4c	match			
23	direct	1041	tile-map-inline	32	0	1			0x00a18d58	match			
24	direct	1042	tile-map-inline	108	12	3			0x00a18d64	match			
25	direct	0	item-sprite-domain		0	0	0.00048828125	0.00048828125	0x00a18da0		cell from the item sprite domain for ItemType 0		
26	direct	1045	tile-map-inline	85	21	2			0x00a18c5c	match			
27	conditional		contents-conditional						0x00a18a98		draw depends on contentsType(); the conditional table holds the resolved compare chain (1 steps not marked resolved)	3	
28	conditional		contents-conditional						0x00a18a98		draw depends on contentsType(); the conditional table holds the resolved compare chain (1 steps not marked resolved)	3	
29	direct	1054	tile-map-inline	87	23	2			0x00a18d88	match			
30	direct	1054	tile-map-inline	87	23	2			0x00a18d88	match			
31	direct	0	item-sprite-domain		0	0	0.00048828125	0.00048828125	0x00a18da0		cell from the item sprite domain for ItemType 0		
32	direct	1057	tile-map-inline	164	4	5			0x00a18d10	match			
33	direct	0	item-sprite-domain		0	0	0.00048828125	0.00048828125	0x00a18da0		cell from the item sprite domain for ItemType 0		
34	direct	0	item-sprite-domain		0	0	0.00048828125	0.00048828125	0x00a18da0		cell from the item sprite domain for ItemType 0		
35	direct	0	item-sprite-domain		0	0	0.00048828125	0.00048828125	0x00a18da0		cell from the item sprite domain for ItemType 0		
36	direct	0	item-sprite-domain		0	0	0.00048828125	0.00048828125	0x00a18da0		cell from the item sprite domain for ItemType 0		
37	direct	0	item-sprite-domain		0	0	0.00048828125	0.00048828125	0x00a18da0		cell from the item sprite domain for ItemType 0		
38	direct	0	item-sprite-domain		0	0	0.00048828125	0.00048828125	0x00a18da0		cell from the item sprite domain for ItemType 0		
39	direct	0	item-sprite-domain		0	0	0.00048828125	0.00048828125	0x00a18da0		cell from the item sprite domain for ItemType 0		
40	direct	0	item-sprite-domain		0	0	0.00048828125	0.00048828125	0x00a18da0		cell from the item sprite domain for ItemType 0		
41	direct	0	item-sprite-domain		0	0	0.00048828125	0.00048828125	0x00a18da0		cell from the item sprite domain for ItemType 0		
42	direct	0	item-sprite-domain		0	0	0.00048828125	0.00048828125	0x00a18da0		cell from the item sprite domain for ItemType 0		
43	direct	0	item-sprite-domain		0	0	0.00048828125	0.00048828125	0x00a18da0		cell from the item sprite domain for ItemType 0		
44	direct	0	item-sprite-domain		0	0	0.00048828125	0.00048828125	0x00a18da0		cell from the item sprite domain for ItemType 0		
45	direct	0	item-sprite-domain		0	0	0.00048828125	0.00048828125	0x00a18da0		cell from the item sprite domain for ItemType 0		
46	direct	0	item-sprite-domain		0	0	0.00048828125	0.00048828125	0x00a18da0		cell from the item sprite domain for ItemType 0		
47	direct	0	item-sprite-domain		0	0	0.00048828125	0.00048828125	0x00a18da0		cell from the item sprite domain for ItemType 0		
48	direct	1062	tile-map-inline	97	1	3			0x00a18ae0	match			
49	direct	1062	tile-map-inline	97	1	3			0x00a18ae0	match			
50	direct	1062	tile-map-inline	97	1	3			0x00a18ae0	match			
51	direct	1063	tile-map-inline	88	24	2			0x00a18d94	match			
52	direct	1063	tile-map-inline	88	24	2			0x00a18d94	match			
53	direct	1066	tile-map-inline	112	16	3			0x00a18cc8	match			
54	direct	1067	tile-map-inline	113	17	3			0x00a18cd4	match			
55	direct	1068	tile-map-inline	114	18	3			0x00a18ce0	match			
56	direct	1069	tile-map-inline	115	19	3			0x00a18cec	match			
57	direct	1070	tile-map-inline	116	20	3			0x00a18cf8	match			
58	direct	1075	tile-map-inline	89	25	2			0x00a18af8	match			
59	direct	1076	tile-map-inline	117	21	3			0x00a18d70	match			
60	direct	0	item-sprite-domain		0	0	0.00048828125	0.00048828125	0x00a18da0		cell from the item sprite domain for ItemType 0		
61	direct	0	item-sprite-domain		0	0	0.00048828125	0.00048828125	0x00a18da0		cell from the item sprite domain for ItemType 0		
62	direct	0	item-sprite-domain		0	0	0.00048828125	0.00048828125	0x00a18da0		cell from the item sprite domain for ItemType 0		
63	direct	0	item-sprite-domain		0	0	0.00048828125	0.00048828125	0x00a18da0		cell from the item sprite domain for ItemType 0		
64	direct	0	item-sprite-domain		0	0	0.00048828125	0.00048828125	0x00a18da0		cell from the item sprite domain for ItemType 0		
65	direct	0	item-sprite-domain		0	0	0.00048828125	0.00048828125	0x00a18da0		cell from the item sprite domain for ItemType 0		
66	direct	0	item-sprite-domain		0	0	0.00048828125	0.00048828125	0x00a18da0		cell from the item sprite domain for ItemType 0		
67	direct	1089	tile-map-inline	672	0	21			0x00a18ca4	match			
68	direct	1091	tile-map-inline	190	30	5			0x00a18cb0	match			
69	direct	1090	tile-map-inline	188	28	5			0x00a18cbc	match			
70	direct	1094	tile-map-inline	478	30	14			0x00a18c04	match			
71	direct	1098	tile-map-inline	697	25	21			0x00a18c68	match			
72	direct	1099	tile-map-inline	698	26	21			0x00a18c74	match			
73	direct	1100	tile-map-inline	699	27	21			0x00a18c80	match			
74	direct	1101	tile-map-inline	700	28	21			0x00a18c8c	match			
75	direct	1102	tile-map-inline	701	29	21			0x00a18c98	match			
76	direct	1103	tile-map-inline	741	5	23			0x00a18c38	match			
77	direct	1105	tile-map-inline	746	10	23			0x00a18c44	match			
