selector	imp	bytes	instructions	calls	vfp	verdict
connected	0x552d58	208	46	3	0	needs-runtime
startPinchOrPan	0x552e28	152	35	0	0	unicorn-clean
updateTranslationDueToPinchOrPan:	0x552ec0	784	190	14	1	needs-runtime
setTranslation:	0x5531d0	1236	301	18	1	needs-runtime
translation	0x5536a4	72	17	0	0	unicorn-clean
summaryNetDataForAdmin:mod:owner:cloudMode:	0x5536ec	4364	1023	49	1	needs-runtime
heartbeatData	0x5547f8	1284	305	11	1	needs-runtime
sendHeartbeatData	0x554cfc	520	120	5	0	needs-runtime
heartbeatDataRecieved:fromPeer:	0x554f04	1624	380	14	1	needs-runtime
worldInfoForiCloudSave	0x55555c	1320	309	15	0	needs-runtime
saveAll	0x555a84	8528	2011	94	1	needs-runtime
fileWriteFailed:	0x557bd4	108	24	1	0	needs-runtime
loadGame	0x557c40	13992	3314	193	1	needs-runtime
loadDefaultGame	0x55b2e8	944	216	9	1	needs-runtime
initializeDatabases	0x55b698	1072	248	15	0	needs-runtime
incrementalLoad	0x55bac8	31548	7502	493	1	needs-runtime
initWithWindowInfo:cache:delegate:saveID:name:client:server:multiplayerWorldData:serverHostData:saveDelay:worldWidthMacro:customRules:expertMode:	0x563604	5728	1336	67	1	needs-runtime
setServer:	0x564c64	712	166	7	0	needs-runtime
deleteTimers	0x564f2c	428	98	5	0	needs-runtime
dealloc	0x5650d8	6256	1480	96	0	needs-runtime
startObservingMotionEvents	0x566948	716	167	6	1	needs-runtime
stopObservingMotionEvents	0x566c14	592	139	6	0	needs-runtime
startSimulatingIfNeeded	0x566e64	2520	590	26	1	needs-runtime
isSimulating	0x56783c	60	14	0	0	unicorn-clean
addSimulationEventOfType:forBlockhead:extraData:	0x567878	4052	988	58	0	needs-runtime
continueSimulate	0x56884c	10796	2610	121	1	needs-runtime
finishSimulating	0x56b278	1020	233	12	1	needs-runtime
welcomeBackMessageForInfoDict:	0x56b674	9572	2330	106	0	needs-runtime
welcomeBackEventsMessageForClientID:	0x56dbd8	180	41	2	0	needs-runtime
setNetEventsMessageToDisplayOnceLoaded:	0x56dc8c	172	39	2	0	needs-runtime
simulationProgress	0x56dd38	64	15	0	1	unicorn-with-abstraction
update:accurateDT:pinchScale:dragInProgress:	0x56dd78	29824	7196	356	1	needs-runtime
decommisionAllBlocksBlockToSavePhyscialBlock:	0x5751f8	1988	492	9	1	needs-runtime
removeAnyBackgroundContentsForTile:atPos:removeBlockhead:	0x5759bc	268	64	2	0	needs-runtime
remoteRemoveBackWallRequest:fromClient:	0x575ac8	636	150	6	0	needs-runtime
remoteRemoveRequest:fromClient:	0x575d44	988	234	11	0	needs-runtime
removeTileAtWorldX:worldY:createContentsFreeblockCount:createForegroundContentsFreeblockCount:removeBlockhead:	0x576120	192	45	1	0	needs-runtime
removeTileAtWorldX:worldY:createContentsFreeblockCount:createForegroundContentsFreeblockCount:removeBlockhead:onlyRemoveCOntents:onlyRemoveForegroundContents:	0x5761e0	232	55	1	0	needs-runtime
shouldBeCrystalBlockAtPos:	0x5762c8	592	140	3	0	needs-runtime
removeBackWallAtPos:removeBlockhead:	0x576518	864	203	9	0	needs-runtime
removeTileAtWorldX:worldY:createContentsFreeblockCount:createForegroundContentsFreeblockCount:removeBlockhead:onlyRemoveCOntents:onlyRemoveForegroundContents:sendWorldChangedNotifcation:dontRemoveContents:	0x576878	7096	1712	98	0	needs-runtime
removeWaterTileAtPos:	0x578430	1520	365	22	0	needs-runtime
updateTileGraphicForWorkbenchOfType:atPos:level:	0x578a20	628	150	5	0	needs-runtime
remotePlaceWorkbenchRequest:fromPeer:	0x578c94	992	231	16	0	needs-runtime
placeWorkbenchOfType:atPos:saveDict:placedByClient:placedByBlockhead:placedByClientName:	0x579074	3300	786	37	1	needs-runtime
remotePlaceInteractionObjectRequest:fromPeer:	0x579d58	1460	338	22	0	needs-runtime
placeInteractionObjectWithItem:atPos:saveDict:placedByClient:placedByBlockhead:placedByClientName:	0x57a30c	5108	1237	83	0	needs-runtime
remoteFillRequest:placedByClient:	0x57b700	1648	390	22	0	needs-runtime
remotePaintRequest:fromClient:	0x57bd70	544	127	7	0	needs-runtime
fillTile:atPos:withType:	0x57bf90	164	40	1	0	needs-runtime
fillTile:atPos:withType:dataA:dataB:placedByClient:saveDict:placedByClientName:	0x57c034	232	57	1	0	needs-runtime
fillTile:atPos:withType:dataA:dataB:placedByClient:saveDict:placedByBlockhead:placedByClientName:	0x57c11c	20076	4943	163	1	needs-runtime
sendGatherNotificationForTile:atPos:	0x580f88	676	159	5	0	needs-runtime
remoteGatherRequest:	0x58122c	2060	505	32	1	needs-runtime
paintTile:atPos:colorIndex:faceIndex:paintBlockhead:	0x581a38	2348	568	25	0	needs-runtime
removePaintAtTile:atPos:faceIndex:paintBlockhead:	0x582364	164	40	1	0	needs-runtime
getWeatherFractionForPos:atWorldTime:	0x582408	128	31	1	1	needs-runtime
getWeatherFractionForPos:atWorldTime:ignoreSandFraction:	0x582488	1480	359	8	1	needs-runtime
getWeatherFractionForPos:	0x582a50	136	32	1	1	needs-runtime
getDayNightFractionForX:atWorldTime:	0x582ad8	2720	680	33	1	needs-runtime
dayColorForPosition:	0x583578	1752	427	25	1	needs-runtime
preRenderUpdate:fastSlowDT:cameraZ:projectionMatrix:	0x583c50	32768	8067	255	1	needs-runtime
lightPositionTop	0x58c350	184	45	3	1	needs-runtime
lightPositionFront	0x58c408	336	80	3	1	needs-runtime
lightPositionRight	0x58c558	352	85	3	1	needs-runtime
lightPositionLeft	0x58c6b8	320	77	3	1	needs-runtime
render:cameraZ:projectionMatrix:pinchScale:	0x58c7f8	32768	8067	281	1	needs-runtime
zoomUIToOnscreen:dimensions:	0x5aa5c8	3044	750	43	1	needs-runtime
cancelAllActionsAtPos:orWithInteractionObjectID:	0x5ab1ac	200	47	2	0	needs-runtime
queueBlockheadAIActionToTile:atPos:forBlockhead:	0x5ab274	840	203	7	0	needs-runtime
scrollToTap:	0x5ab5bc	3048	751	16	1	needs-runtime
pauseUpdates	0x5ac1a4	428	98	4	0	needs-runtime
resetPauseIdleTimer	0x5ac350	80	19	0	1	unicorn-with-abstraction
tap:	0x5ac3a0	27944	6841	358	1	needs-runtime
touchIsInUI:	0x5b30c8	240	56	2	0	needs-runtime
startTouch:tapCount:index:	0x5b31b8	192	44	1	0	needs-runtime
moveTouch:index:	0x5b3278	144	34	1	0	needs-runtime
doEndTouch:wasCancelled:index:	0x5b3308	164	39	1	0	needs-runtime
cancelTouch:index:	0x5b33ac	132	31	1	0	needs-runtime
endTouch:index:	0x5b3430	132	32	1	0	needs-runtime
swipeGesture	0x5b34b4	140	31	2	0	needs-runtime
unmodifiedGroundLevelForX:	0x5b3540	260	61	2	0	needs-runtime
savePhysicalBlockForMacroTile:sendReliably:dontSend:onlySaveIfClientsNeedIt:	0x5b3644	1324	316	12	0	needs-runtime
decommisionBlock:blockToSavePhyscialBlock:	0x5b3b70	776	184	5	0	needs-runtime
loadDynamicObjectsIfNotAlreadyLoadedForMacroTile:includeSurfaceBlocks:	0x5b3e78	312	72	3	0	needs-runtime
loadLightBlockForClientLightBlockIndex:intoPhysicalBlock:	0x5b3fb0	852	205	7	0	needs-runtime
saveLightBlockForClientLightBlockIndex:physicalBlock:sendNow:	0x5b4304	872	209	7	0	needs-runtime
physicalBlockToLoadByClientTileLoaderForMacroTile:	0x5b466c	916	223	6	1	needs-runtime
loadPhysicalBlockForMacroTile:atX:y:loadSurroundingBlocks:createIfNotCreated:	0x5b4a00	4088	1002	36	1	needs-runtime
setWindowInfo:	0x5b59f8	348	81	1	1	needs-runtime
timeCrystalButtonTapped	0x5b5b54	2068	493	25	1	needs-runtime
pauseButtonTapped	0x5b6368	168	38	2	0	needs-runtime
pauseResumeButtonTapped	0x5b6410	428	98	4	1	needs-runtime
pauseExitToMenuButtonTapped	0x5b65bc	220	49	3	0	needs-runtime
fullyLoadAndUpdateIfNeededForMacroBlock:includingPos:clientLightBlockIndex:forBlockhead:	0x5b6698	392	93	3	0	needs-runtime
fullyLoadIfNeededAroundPos:clientLightBlockIndex:forBlockhead:	0x5b6820	1928	479	29	0	needs-runtime
craftItemFinished:atWorkbench:allFinished:blockhead:	0x5b6fa8	4872	1167	61	1	needs-runtime
craftAbortedForWorkbench:withBlockhead:	0x5b82b0	288	66	3	0	needs-runtime
craftItem:atWorkbench:withBlockhead:count:	0x5b83d0	1320	316	20	1	needs-runtime
craftOrConfigureItem:atWorkbench:withBlockhead:count:	0x5b88f8	1992	485	33	0	needs-runtime
blockheadReachedInteractionObjectDestination:pathExtraData:	0x5b90c0	680	157	9	0	needs-runtime
useDynamicObjectTappedAtDynamicObject:selectedOption:	0x5b9368	2728	663	43	0	needs-runtime
requestUniqueIDFromServerWithDict:	0x5b9e10	516	119	5	0	needs-runtime
uniqueIDReturnedFromServer:	0x5ba014	5664	1353	85	0	needs-runtime
teleportToWorkbench:withBlockhead:craftableItemObject:	0x5bb634	1948	464	31	0	needs-runtime
warpInBlockhead:atWorkbench:withBlockhead:	0x5bbdd0	6332	1519	91	0	needs-runtime
removeDynamicObjectTappedAtDynamicObject:withBlockhead:	0x5bd68c	1160	274	16	0	needs-runtime
addFuelTappedAtInteractionObject:withBlockhead:	0x5bdb14	604	139	9	0	needs-runtime
distanceOrderedFoodTypes	0x5bdd70	60	14	0	0	unicorn-clean
worldUIDragging	0x5bddac	144	32	2	0	needs-runtime
stopFollowingOrTranslatingToGoal	0x5bde3c	96	22	0	0	unicorn-clean
updateIdleTimerDisabled	0x5bde9c	1072	253	10	0	needs-runtime
saveSunlightChangedAtPos:	0x5be2cc	172	40	2	0	needs-runtime
endCalibration	0x5be378	1568	388	29	1	needs-runtime
acceleration:	0x5be998	2960	723	36	1	needs-runtime
motionUpdatePingAccelerometer	0x5bf528	528	126	9	1	needs-runtime
motionUpdatePingDeviceMotion	0x5bf738	328	76	5	1	needs-runtime
allowsRotation	0x5bf880	232	53	2	0	needs-runtime
requiresSwipeEvents	0x5bf968	144	32	2	0	needs-runtime
allowsPanning	0x5bf9f8	356	84	4	0	needs-runtime
requiresDirectionalSwipes	0x5bfb5c	184	41	3	0	needs-runtime
directionalSwipe:	0x5bfc14	156	34	3	0	needs-runtime
clientConnected:	0x5bfcb0	1268	294	20	0	needs-runtime
clientDisconnected:wasKick:	0x5c01a4	972	229	11	1	needs-runtime
requestForBlock:fromClient:	0x5c0570	296	68	4	0	needs-runtime
remoteBlockRemoved:byClient:	0x5c0698	296	69	4	0	needs-runtime
peersInterestedInMacroIndex:	0x5c07c0	908	217	10	0	needs-runtime
remoteCreate:forObjectsOfType:clientID:	0x5c0b4c	1032	243	12	0	needs-runtime
remoteUpdate:forObjectsOfType:fromClient:	0x5c0f54	836	195	9	0	needs-runtime
remoteCreationDataUpdate:forObjectsOfType:fromClient:	0x5c1298	836	195	9	0	needs-runtime
remoteRemove:forObjectsOfType:fromClient:	0x5c15dc	836	195	9	0	needs-runtime
connectionToServerLost	0x5c1920	148	32	1	0	needs-runtime
currentTipText	0x5c19b4	420	96	4	0	needs-runtime
currentTipColor	0x5c1b58	376	89	6	1	needs-runtime
abortInProgressPathIfForBlockhead:	0x5c1cd0	268	62	3	0	needs-runtime
waterMovedFrom:fromTile:to:toTile:amount:	0x5c1ddc	2484	611	31	1	needs-runtime
iapStarted	0x5c2790	100	22	1	0	needs-runtime
startIncentivizedVideo	0x5c27f4	100	22	1	0	needs-runtime
doubleTimePurchaseTapped	0x5c2858	140	31	2	0	needs-runtime
doubleTimeRestoreTapped	0x5c28e4	220	48	3	0	needs-runtime
doPortalScreenshot	0x5c29c0	2232	542	19	1	needs-runtime
doCameraScreenshot	0x5c3278	1416	328	23	1	needs-runtime
exportCurrentFrame	0x5c3800	1316	309	21	1	needs-runtime
startUsingCamera	0x5c3d24	236	52	2	0	needs-runtime
takePhotoButtonTapped	0x5c3e10	172	38	2	0	needs-runtime
cancelTakePhotoButtonTapped	0x5c3ebc	372	85	4	0	needs-runtime
takingPhoto	0x5c4030	132	30	1	0	needs-runtime
sharePhotoFinished	0x5c40b4	372	85	4	0	needs-runtime
purchaseDoubleTime	0x5c4228	632	144	7	0	needs-runtime
crystalsPurchased	0x5c44a0	792	189	10	0	needs-runtime
reportAchievementWithIdentifier:	0x5c47b8	936	213	12	1	needs-runtime
achievementsButtonTapped	0x5c4b60	100	22	1	0	needs-runtime
instructionsButtonTapped	0x5c4bc4	100	22	1	0	needs-runtime
zoomToActiveNetBlockheadForPlayer:	0x5c4c28	2508	592	33	0	needs-runtime
getBlockheadZoomPosForClient:requesterClient:cycleIndex:	0x5c55f4	1560	375	23	0	needs-runtime
remoteZoomRequestReturnedWithSuccess:point:	0x5c5c0c	212	50	1	0	needs-runtime
zoomToPoint:	0x5c5ce0	712	170	8	1	needs-runtime
zoomToPos:pinchZoom:	0x5c5fa8	260	61	3	1	needs-runtime
activeBlockheadPos	0x5c60ac	296	69	3	0	needs-runtime
serverFillReply:	0x5c61d4	576	139	6	0	needs-runtime
markCircumNavigateX:	0x5c6414	1156	280	11	0	needs-runtime
showDoubleTimePromptIfGoodTime	0x5c6898	1560	368	23	0	needs-runtime
highestPoint	0x5c6eb0	72	17	0	0	unicorn-clean
decommissionOldBlocks	0x5c6ef8	2508	622	12	1	needs-runtime
preUpdate:	0x5c78c4	2000	472	22	1	needs-runtime
showBlockheadAvailablePrompt:forBlockhead:	0x5c8094	496	115	4	0	needs-runtime
blockheadAvailablePromptDismissedWithToThePortal	0x5c8284	888	207	10	1	needs-runtime
chatButton	0x5c85fc	100	22	1	0	needs-runtime
currentTotalBlockheadCountIncludingNet	0x5c8660	140	31	2	0	needs-runtime
isControllingBlockheadsForClientPlayer:	0x5c86ec	112	24	1	0	needs-runtime
playersChanged	0x5c875c	232	52	3	0	needs-runtime
updatePhysicalBlockToLatestVersion:	0x5c8844	108	24	1	0	needs-runtime
tileIsLitForClient:atPos:tile:	0x5c88b0	1144	278	10	0	needs-runtime
mapVisible	0x5c8d28	104	22	1	0	needs-runtime
incentivizedVideoViewComplete:	0x5c8d90	264	61	4	0	needs-runtime
zoomToPortalAtPosition:	0x5c8e98	1252	299	18	0	needs-runtime
fireProjectileFrom:to:at:fireItemType:firer:	0x5c937c	884	211	9	1	needs-runtime
remoteProjectileRequest:	0x5c96f0	236	55	4	0	needs-runtime
sendDamage:forNetBlockhead:recoil:	0x5c97dc	888	210	7	1	needs-runtime
remoteBlockheadDamageRequest:requestedByClientName:	0x5c9b54	1284	306	14	1	needs-runtime
sendNetDataForElectricityParticlePathIfRequired:size:ignoreClient:	0x5ca058	2412	582	24	1	needs-runtime
electricityPathDataRecieved:fromClient:	0x5ca9c4	1736	423	25	1	needs-runtime
sendAndDisplayAirTimeTipWithDistance:	0x5cb08c	1220	287	12	1	needs-runtime
setPVPEnabled:displayNotifciation:	0x5cb550	992	232	8	1	needs-runtime
sendSetPVPEnabledToServer:	0x5cb930	352	81	2	0	needs-runtime
remoteTipNotification:	0x5cba90	416	95	9	1	needs-runtime
updateTradePricesIfNeeded	0x5cbc30	2828	663	34	1	needs-runtime
connection:didReceiveResponse:	0x5cc73c	296	68	2	0	needs-runtime
connection:didReceiveData:	0x5cc864	304	70	2	0	needs-runtime
connection:didFailWithError:	0x5cc994	756	179	10	0	needs-runtime
connectionDidFinishLoading:	0x5ccc88	2592	610	30	1	needs-runtime
updatePriceForItemBoughtOrSoldOfTypeKey:soldCount:	0x5cd6a8	2324	551	25	1	needs-runtime
tutorialAlertDismissedWithContinue:	0x5cdfbc	440	102	5	0	needs-runtime
showTutorialPopupWithTitle:message:	0x5ce174	236	54	2	0	needs-runtime
transactionDataRecieved:fromClient:	0x5ce260	2232	526	27	1	needs-runtime
worldPriceOffsetsRecievedFromServer:	0x5ceb18	660	159	8	0	needs-runtime
tutorialActive	0x5cedac	84	20	0	0	unicorn-clean
showDieConfirmationForBlockhead:	0x5cee00	108	23	1	0	needs-runtime
dieConfirmationConfirmed:	0x5cee6c	80	18	1	0	needs-runtime
startImagePickerWithDelegate:forRect:cropSize:	0x5ceebc	340	79	3	0	needs-runtime
imagePickerFinishedWithImage:	0x5cf010	424	97	5	0	needs-runtime
appendDebugLog:	0x5cf1b8	380	87	3	0	needs-runtime
pvpEnabled	0x5cf334	60	13	0	0	unicorn-clean
welcomeMessageDictRecieved:fromClient:	0x5cf370	256	58	3	0	needs-runtime
viewOrEditWelcomeMessage	0x5cf470	640	147	5	0	needs-runtime
setNewWelcomeMessage:	0x5cf6f0	360	83	3	0	needs-runtime
welcomeMessageRecievedFromServer:	0x5cf858	500	114	5	0	needs-runtime
welcomeMessage	0x5cfa4c	60	14	0	0	unicorn-clean
initMuteList	0x5cfa88	888	206	10	0	needs-runtime
playerIsMuted:	0x5cfe00	164	36	2	0	needs-runtime
setPlayerMuted:withID:	0x5cfea4	1388	320	14	0	needs-runtime
kickOrBanPlayerFromButtonIsBan:withName:	0x5d0410	2124	496	24	0	needs-runtime
banPlayerWithNameFromPlayerButton:	0x5d0c5c	104	24	1	0	needs-runtime
kickPlayerWithNameFromPlayerButton:	0x5d0cc4	104	24	1	0	needs-runtime
isCloudGame	0x5d0d2c	296	69	2	0	needs-runtime
reportUserWithName:reporterName:reporterMessage:reportedAvatarImagePath:	0x5d0e54	1412	327	16	0	needs-runtime
newServerPasswordSet:	0x5d13d8	172	39	2	0	needs-runtime
sendNewPasswordToServer:	0x5d1484	672	154	8	0	needs-runtime
serverPassword	0x5d1724	60	14	0	0	unicorn-clean
clientPassword	0x5d1760	60	14	0	0	unicorn-clean
sendNewPrivacySettingToServer:	0x5d179c	716	163	7	0	needs-runtime
serverPrivacySetting	0x5d1a68	60	14	0	0	unicorn-clean
alertView:didDismissWithButtonIndex:	0x5d1aa4	1524	356	15	0	needs-runtime
textFieldShouldReturn:	0x5d2098	244	57	2	0	needs-runtime
reportButtonTappedForPlayer:	0x5d218c	2348	545	24	0	needs-runtime
canAddWorldCredit	0x5d2ab8	216	50	1	1	needs-runtime
showWorldCreditUI	0x5d2b90	236	54	3	0	needs-runtime
getCurrentCreditTimeString	0x5d2c7c	1244	298	6	1	needs-runtime
cloudTopupSucceeded:	0x5d3158	240	54	2	1	needs-runtime
cloudTopupFailed:	0x5d3248	24	6	0	0	unicorn-clean
startCloudTopup	0x5d3260	76	17	1	0	needs-runtime
IAPForWorldTopupSucceeeded:transactionID:	0x5d32ac	156	35	2	0	needs-runtime
shareURL:message:fromRect:	0x5d3348	200	48	1	0	needs-runtime
worldUI	0x5d3410	100	22	1	0	needs-runtime
openOwnerPortal	0x5d3474	196	44	2	0	needs-runtime
signOwnershipPlayerListRecievedFromServer:	0x5d3538	148	33	2	0	needs-runtime
updateLocalOwnershipSignsDueToSignPlacedOrChangedAtPos:withLandOwner:widthRadius:heightRadius:wasRemoved:	0x5d35cc	2108	499	28	0	needs-runtime
signOwnershipModificationRecievedFromServer:	0x5d3e08	828	195	14	0	needs-runtime
ownershipSignWasPlacedOrChangedAtPos:withLandOwner:widthRadius:heightRadius:wasRemoved:	0x5d4144	1492	351	18	0	needs-runtime
tileIsProtectedAtPos:againstClient:	0x5d4718	3056	743	28	0	needs-runtime
tileIsProtectedAtPos:againstBlockhead:	0x5d5308	168	39	2	0	needs-runtime
displayOwnershipAreas	0x5d53b0	388	88	4	0	needs-runtime
renderingTeaserFrames	0x5d5534	80	18	0	0	unicorn-clean
customRules	0x5d5584	76	18	1	0	needs-runtime
customRulesDict	0x5d55d0	60	14	0	0	unicorn-clean
customRuleForOptionNamed:	0x5d560c	120	26	1	0	needs-runtime
customRulesChanged	0x5d5684	140	31	2	0	needs-runtime
setCustomRule:forOptionNamed:	0x5d5710	1024	238	11	0	needs-runtime
customRuleDictRecievedFromNet:	0x5d5b10	1136	271	14	0	needs-runtime
setCustomSlotAtIndex:toItemType:count:	0x5d5f80	1552	367	19	0	needs-runtime
setSunColorRule:	0x5d6590	896	212	13	1	needs-runtime
sendUpdatedSunColor	0x5d6910	936	216	9	0	needs-runtime
sendUpdatedCustomSlots	0x5d6cb8	784	181	7	0	needs-runtime
sandFractionForPos:	0x5d6fc8	132	30	1	1	needs-runtime
hasRewardedVideoAvailable	0x5d704c	104	23	1	0	needs-runtime
verifyClientCustomRulesData:	0x5d70b4	2136	527	6	0	needs-runtime
timeCrystalCloseButtonTapped	0x5d790c	100	21	1	0	needs-runtime
windStrength	0x5d7970	88	20	1	1	needs-runtime
setDpadControl:	0x5d79c8	408	94	4	0	needs-runtime
dpadControl	0x5d7b60	60	14	0	0	unicorn-clean
setDpadDirectControlDisabled:	0x5d7b9c	272	62	2	0	needs-runtime
dpadDirectControlDisabled	0x5d7cac	60	14	0	0	unicorn-clean
addItemsFromServerFoundItemsList:	0x5d7ce8	108	23	1	0	needs-runtime
sendUpdatedFoundItemsListToServer	0x5d7d54	472	109	4	0	needs-runtime
privateAddItemToFoundList:addBasketContents:	0x5d7f2c	1376	330	16	0	needs-runtime
addItemToFoundList:	0x5d848c	208	48	1	0	needs-runtime
addChestItemsToFoundList:	0x5d855c	1048	257	9	0	needs-runtime
addDodoEggToFoundListWithBreed:	0x5d8974	120	27	1	0	needs-runtime
foundListContainsEggWithDodoBreed:	0x5d89ec	124	27	1	0	needs-runtime
hideChatView	0x5d8a68	100	22	1	0	needs-runtime
blockheadFilesReturnedFromServer:	0x5d8acc	624	150	7	0	needs-runtime
startBulkDatabaseUpdate	0x5d8d3c	104	23	1	0	needs-runtime
finishBulkDatabaseUpdate	0x5d8da4	180	40	2	0	needs-runtime
usedPhysicalBlocks	0x5d8e58	56	13	0	0	unicorn-clean
doPortalShotNextFrame	0x5d8e90	64	15	0	0	unicorn-clean
hasFinishedDatabaseMigrationTo17	0x5d8ed0	60	14	0	0	unicorn-clean
archiveLightBlocksForClient:	0x5d8f0c	108	23	1	0	needs-runtime
doRepairForTileAtPos:	0x5d8f78	1956	475	24	0	needs-runtime
setRepairMode:	0x5d971c	104	24	0	0	unicorn-clean
repairMode	0x5d9784	60	14	0	0	unicorn-clean
appDatabase	0x5d97c0	100	22	1	0	needs-runtime
worldWidthMacro	0x5d9824	60	13	0	0	unicorn-clean
expertMode	0x5d9860	60	14	0	0	unicorn-clean
macroTiles	0x5d989c	68	16	0	0	unicorn-clean
dynamicWorld	0x5d98e0	68	15	0	0	unicorn-clean
saveID	0x5d9924	68	15	0	0	unicorn-clean
randomSeed	0x5d9968	60	14	0	0	unicorn-clean
worldTime	0x5d99a4	100	24	1	1	unicorn-with-abstraction
sunDirection	0x5d9a08	96	22	1	0	unicorn-with-abstraction
timeOfDayFraction	0x5d9a68	72	17	0	1	unicorn-with-abstraction
weatherFraction	0x5d9ab0	72	17	0	1	unicorn-with-abstraction
rainFraction	0x5d9af8	72	16	0	1	unicorn-with-abstraction
rainFractionNotIncludingSnow	0x5d9b40	72	17	0	1	unicorn-with-abstraction
dayColor	0x5d9b88	96	23	1	0	unicorn-with-abstraction
translatingToGoal	0x5d9be8	60	13	0	0	unicorn-clean
setTranslatingToGoal:	0x5d9c24	68	16	0	0	unicorn-clean
loadComplete	0x5d9c68	60	14	0	0	unicorn-clean
incrementalLoadCount	0x5d9ca4	60	14	0	0	unicorn-clean
windowInfo	0x5d9ce0	68	15	0	0	unicorn-clean
startPortalPos	0x5d9d24	96	22	1	0	unicorn-with-abstraction
serverClients	0x5d9d84	68	16	0	0	unicorn-clean
server	0x5d9dc8	68	16	0	0	unicorn-clean
client	0x5d9e0c	68	16	0	0	unicorn-clean
fastForward	0x5d9e50	60	14	0	0	unicorn-clean
doubleTimeUnlocked	0x5d9e8c	60	14	0	0	unicorn-clean
worldName	0x5d9ec8	68	16	0	0	unicorn-clean
isAdmin	0x5d9f0c	60	13	0	0	unicorn-clean
setIsAdmin:	0x5d9f48	68	16	0	0	unicorn-clean
isMod	0x5d9f8c	60	14	0	0	unicorn-clean
setIsMod:	0x5d9fc8	68	16	0	0	unicorn-clean
isOwner	0x5da00c	60	13	0	0	unicorn-clean
setIsOwner:	0x5da048	68	16	0	0	unicorn-clean
cloudMode	0x5da08c	60	14	0	0	unicorn-clean
setCloudMode:	0x5da0c8	68	16	0	0	unicorn-clean
globalPrices	0x5da10c	68	16	0	0	unicorn-clean
worldPriceMultipliers	0x5da150	68	16	0	0	unicorn-clean
serverMinorVersion	0x5da194	60	14	0	0	unicorn-clean
portalChestManager	0x5da1d0	68	16	0	0	unicorn-clean
followingBlockhead	0x5da214	60	13	0	0	unicorn-clean
setFollowingBlockhead:	0x5da250	68	16	0	0	unicorn-clean
tutorial	0x5da294	68	16	0	0	unicorn-clean
pinchScale	0x5da2d8	100	23	1	1	unicorn-with-abstraction
setPinchScale:	0x5da33c	108	26	1	1	unicorn-with-abstraction
dragInProgress	0x5da3a8	60	14	0	0	unicorn-clean
roundedTranslation	0x5da3e4	96	22	1	0	unicorn-with-abstraction
isHeadingTowardsMIdday	0x5da444	60	14	0	0	unicorn-clean
cloudInterface	0x5da480	68	16	0	0	unicorn-clean
setCloudInterface:	0x5da4c4	68	16	0	0	unicorn-clean
saveDisabled	0x5da508	60	13	0	0	unicorn-clean
setSaveDisabled:	0x5da544	68	16	0	0	unicorn-clean
slowAnimationIndex	0x5da588	60	14	0	0	unicorn-clean
waterAnimationIndex	0x5da5c4	60	14	0	0	unicorn-clean
hasJustTakenPhoto	0x5da600	60	14	0	0	unicorn-clean
uiManager	0x5da63c	68	16	0	0	unicorn-clean
foundItemsList	0x5da680	68	16	0	0	unicorn-clean
delegate	0x5da6c4	64	15	0	0	unicorn-clean
setDelegate:	0x5da704	64	15	0	0	unicorn-clean
workbenchChoiceUIDisplayed	0x5da744	60	14	0	0	unicorn-clean
newBlockheadUIDisplayed	0x5da780	60	14	0	0	unicorn-clean
paintMixUIDisplayed	0x5da7bc	60	14	0	0	unicorn-clean
addFuelUIDisplayed	0x5da7f8	60	14	0	0	unicorn-clean
jetPackUIDisplayed	0x5da834	60	13	0	0	unicorn-clean
sleepProgressUIDisplayed	0x5da870	60	14	0	0	unicorn-clean
regenerateUIDisplayed	0x5da8ac	60	14	0	0	unicorn-clean
hungerUIDisplayed	0x5da8e8	60	13	0	0	unicorn-clean
wearUIDisplayed	0x5da924	60	14	0	0	unicorn-clean
popUpUIDisplayed	0x5da960	60	14	0	0	unicorn-clean
tradingPostSellUIDisplayed	0x5da99c	60	14	0	0	unicorn-clean
tradingPostBuyUIDisplayed	0x5da9d8	60	14	0	0	unicorn-clean
ownershipSignUIDisplayed	0x5daa14	60	13	0	0	unicorn-clean
workbenchProgressBarUIDisplayed	0x5daa50	60	14	0	0	unicorn-clean
.cxx_destruct	0x5daa8c	216	51	4	0	needs-runtime
.cxx_construct	0x5dab64	16384	4084	77	1	needs-runtime
